Row,Truth,Validation,Naive Prob Calabria,Naive Prob Coastal-Sardinia,Naive Prob East-Liguria,Naive Prob Inland-Sardinia,Naive Prob North-Apulia,Naive Prob Sicily,Naive Prob South-Apulia,Naive Prob Umbria,Naive Prob West-Liguria
1,North-Apulia,Validation,2.3843941e-8,6.681279e-67,0.7224610298,2.168927e-78,0.2756767992,0.0018621471,6.62882e-14,4.842178e-12,1.570598e-20
2,North-Apulia,Training,1.3508935e-6,4.414525e-46,0.9384241887,7.907163e-44,0.0594443053,0.002130155,6.653507e-11,9.366309e-56,6.15464e-17
3,North-Apulia,Training,2.510364e-19,1.64262e-111,2.7906123e-6,4.41321e-164,0.9965967499,0.0034004595,4.890565e-22,2.174795e-34,6.959694e-24
4,North-Apulia,Training,1.40238e-15,5.003766e-97,0.0000717825,9.24959e-118,0.9996696848,0.0002585327,1.851748e-21,1.57382e-14,1.585979e-40
5,North-Apulia,Validation,2.5862557e-9,5.335793e-74,0.1001139336,1.151809e-78,0.8979002984,0.0019857654,4.542781e-17,5.562385e-26,1.437951e-38
6,North-Apulia,Training,3.329665e-16,2.18262e-93,3.0804165e-6,4.24872e-106,0.9990396776,0.000957242,1.667389e-21,4.153593e-37,4.825372e-37
7,North-Apulia,Training,1.196328e-15,1.5297e-100,0.0000935683,3.52281e-127,0.9986074112,0.0012990205,1.179102e-20,6.8945e-26,1.101092e-29
8,North-Apulia,Training,9.9064534e-7,2.491084e-56,0.3503361058,1.852117e-56,0.6440729613,0.0055899423,5.577882e-13,4.236152e-39,1.425699e-23
9,North-Apulia,Training,7.6278035e-9,5.610308e-65,0.1237133385,3.006944e-65,0.8735962217,0.0026904322,1.301735e-15,2.364846e-32,3.312168e-37
10,North-Apulia,Validation,1.179867e-13,3.668358e-81,0.0068413545,3.75096e-106,0.0532686075,0.0000163354,1.805923e-17,0.9398737025,4.310817e-15
11,North-Apulia,Validation,6.347265e-16,5.620248e-90,0.0000313945,4.33839e-121,0.0021825659,2.0195474e-6,1.337222e-20,0.99778402,1.37212e-20
12,North-Apulia,Training,2.362663e-11,5.466332e-72,0.0533439076,2.133858e-88,0.9463450982,0.0003109923,2.630039e-16,1.9286141e-9,1.915562e-19
13,North-Apulia,Validation,2.4579019e-7,3.006601e-61,0.2958636077,3.306748e-55,0.6963202378,0.0078159088,1.433662e-13,6.305948e-42,1.155066e-36
14,North-Apulia,Training,3.165389e-20,2.914514e-98,1.9595186e-7,1.10197e-123,0.9989145803,0.0010852238,3.519054e-22,2.262818e-40,7.92771e-36
15,North-Apulia,Training,8.170474e-13,2.318252e-69,0.0000895926,2.081799e-64,0.9977685097,0.0021418977,9.94803e-18,1.469613e-61,1.558885e-36
16,North-Apulia,Validation,0.0224420317,2.765449e-36,0.90171167,1.288569e-28,0.0000114839,0.0758296403,5.1741386e-6,1.676987e-94,1.672628e-15
17,North-Apulia,Validation,3.643924e-10,5.900796e-62,0.0031869573,1.82167e-61,0.0160478937,0.9807651486,2.132481e-11,3.655881e-54,2.948414e-27
18,North-Apulia,Validation,0.7010070577,6.326214e-27,2.7496602e-7,5.582609e-12,1.8589691e-9,0.2988988553,0.0000938102,3.61714e-293,1.660206e-31
19,North-Apulia,Training,2.69832e-13,1.57723e-77,0.000353261,4.812501e-89,0.9868767748,0.0127699641,2.432243e-16,1.136584e-30,3.732377e-33
20,North-Apulia,Training,5.957457e-12,1.975654e-67,0.0084973062,1.529921e-71,0.9812798293,0.0102228645,4.878289e-16,2.799194e-45,7.266345e-32
21,North-Apulia,Training,4.9746133e-8,1.075765e-68,0.3687813008,7.736464e-61,0.630554567,0.0006640825,9.297911e-16,2.618945e-43,5.359643e-44
22,North-Apulia,Validation,5.153214e-12,8.276753e-86,0.001475101,3.592721e-90,0.9923906919,0.006134207,2.163674e-20,2.41563e-34,3.183897e-46
23,North-Apulia,Training,4.671216e-10,6.851049e-72,0.0628285777,2.075034e-66,0.9363464498,0.000824972,1.858838e-17,5.176495e-40,3.117886e-46
24,North-Apulia,Training,7.142544e-11,1.12126e-73,0.00179013,1.309309e-83,0.9926573328,0.0055525371,2.765743e-17,1.656803e-15,8.722393e-32
25,North-Apulia,Validation,3.334251e-10,1.429988e-71,0.0088558121,8.104912e-74,0.9882239842,0.0029202034,2.426357e-17,7.763153e-26,2.624468e-38
26,Calabria,Validation,0.9931766145,2.288506e-39,2.610278e-10,8.13684e-31,1.801977e-22,0.0061562598,0.0006671255,1.62792e-259,2.238649e-28
27,Calabria,Training,0.9023168703,7.522018e-28,2.606438e-14,1.047903e-21,1.117054e-25,0.0179540979,0.0797290318,0,1.41651e-31
28,Calabria,Training,0.9928951532,2.571459e-37,1.257113e-10,8.156964e-31,2.067024e-18,0.0069571869,0.0001476599,0,8.199795e-33
29,Calabria,Validation,0.9732118076,3.236747e-33,3.26301e-14,4.206639e-34,2.543016e-21,0.0263031175,0.0004850749,0,1.246104e-35
30,Calabria,Training,0.9918970969,5.745165e-29,6.3827002e-9,1.736869e-21,6.531093e-16,0.007943256,0.0001596408,1.46015e-313,3.349988e-29
31,Calabria,Validation,0.9770312128,3.02202e-28,8.3372778e-9,1.060861e-18,2.011686e-17,0.0212275445,0.0017412344,1.77131e-282,8.629596e-29
32,Calabria,Training,0.9561427111,5.563503e-39,6.999684e-17,1.363243e-48,2.009441e-25,0.043855575,1.7139199e-6,0,6.568423e-41
33,Calabria,Training,0.9870001687,3.85271e-35,1.6247201e-9,8.332744e-27,3.457463e-18,0.0129120335,0.0000877961,4.21512e-298,8.550554e-36
34,Calabria,Training,0.9771840429,6.650099e-46,8.8639395e-9,8.204323e-34,4.809702e-16,0.0227648109,0.0000511374,5.90354e-240,1.677017e-36
35,Calabria,Training,0.9859620571,3.155874e-36,2.5447268e-7,8.71963e-31,2.956174e-15,0.0140207869,0.0000169015,1.75675e-246,9.233301e-30
36,Calabria,Validation,0.9822022869,1.02689e-46,0.003704672,1.533955e-31,4.1936384e-9,0.0140928275,2.0935084e-7,7.13738e-154,1.861543e-36
37,Calabria,Training,0.8475754336,4.382544e-38,0.0002749841,1.582458e-31,8.4349122e-7,0.15214872,1.8782425e-8,3.24575e-199,5.749064e-29
38,Calabria,Training,0.9994051962,1.946473e-49,4.0393594e-8,3.332841e-35,3.376078e-18,0.0005942806,4.8281094e-7,1.92283e-234,3.110116e-40
39,Calabria,Training,0.976878925,5.023157e-39,4.5671936e-9,7.523056e-39,9.337144e-16,0.0231210541,1.6336417e-8,8.03581e-261,2.071352e-31
40,Calabria,Training,0.9712143915,1.354403e-38,9.230482e-10,9.99183e-32,7.080208e-16,0.0287175441,0.0000680635,0,9.115876e-40
41,Calabria,Training,0.9928537363,1.865843e-35,6.7949235e-6,1.126875e-21,1.402192e-11,0.0071334798,5.9889382e-6,3.32975e-233,5.128868e-32
42,Calabria,Validation,0.9859640269,1.450559e-36,7.241077e-12,4.790224e-37,9.272352e-21,0.0140357603,2.1283792e-7,1.41069e-315,5.85485e-33
43,Calabria,Validation,0.9935231316,8.415312e-32,3.0625e-13,2.428368e-30,1.233355e-22,0.0063998071,0.0000770612,0,4.302122e-34
44,Calabria,Training,0.9931268198,3.031258e-39,8.339801e-14,2.308622e-40,7.455705e-22,0.006865827,7.3532642e-6,0,3.487583e-39
45,Calabria,Training,0.9923043711,2.365513e-52,4.8611907e-7,3.155817e-52,5.807425e-13,0.007695137,5.7786665e-9,1.13378e-218,1.542516e-28
46,Calabria,Training,0.9962434546,2.101721e-40,2.2461755e-7,1.48866e-27,1.997757e-15,0.0037309344,0.0000253863,1.57763e-227,3.852315e-31
47,Calabria,Validation,0.979449397,1.081614e-42,0.0000525759,7.193281e-34,7.45705e-13,0.0204967938,1.2332832e-6,2.14595e-179,1.170618e-32
48,Calabria,Training,0.9651324827,2.615627e-26,2.910448e-13,1.423561e-24,1.040889e-23,0.0303903298,0.0044771875,0,1.356623e-32
49,Calabria,Training,0.9611666471,1.290993e-28,1.1306317e-9,4.669447e-25,1.913635e-16,0.0388323835,9.6831429e-7,7.33301e-317,3.895039e-31
50,Calabria,Validation,0.9302568225,7.996977e-54,7.970406e-14,2.653552e-67,2.193635e-20,0.0697431769,6.008669e-10,1.69278e-302,6.467717e-27
51,Calabria,Training,0.9567724149,3.835766e-48,0.0032762365,1.049588e-43,3.4031904e-8,0.0399512896,2.5054538e-8,7.74137e-153,6.609094e-31
52,Calabria,Training,0.9762907434,2.638969e-46,1.4678764e-8,2.098546e-48,2.824284e-14,0.0237092381,3.7982849e-9,2.5206e-244,3.342505e-32
53,Calabria,Training,0.9734857958,8.591654e-32,5.297119e-9,2.761311e-28,7.285411e-17,0.0265076865,6.5124123e-6,1.36942e-294,7.32285e-33
54,Calabria,Training,0.9527049311,2.635187e-50,7.9706269e-8,2.741397e-55,5.297658e-13,0.0472949889,2.420146e-10,1.46186e-207,1.820628e-24
55,Calabria,Validation,0.9604298194,7.139221e-42,2.5150873e-6,2.527355e-38,1.035129e-13,0.0395676536,1.1946193e-8,6.03843e-196,1.120154e-26
56,Calabria,Validation,0.9872067527,1.015829e-40,4.942968e-10,1.354912e-39,2.011509e-17,0.0127440985,0.0000491483,1.72473e-315,3.955744e-28
57,Calabria,Training,0.2826056255,5.91093e-66,0.0002248789,4.289516e-77,3.923653e-18,0.717169449,4.6562409e-8,1.234239e-76,1.413651e-17
58,Calabria,Validation,0.9880259256,2.846173e-47,2.827274e-10,3.421599e-32,1.042858e-24,0.0119104298,0.0000636444,9.88613e-213,6.810748e-38
59,Calabria,Training,0.0919407307,2.816539e-59,0.7914991877,6.504598e-68,7.861024e-13,0.116558302,1.7796706e-6,4.159184e-51,1.333122e-12
60,Calabria,Training,0.2252553458,1.045293e-65,0.4041171705,9.64873e-75,1.196826e-12,0.3706262515,1.2321975e-6,1.660071e-49,1.87329e-15
61,Calabria,Training,0.2821751223,1.021271e-34,1.53792e-18,5.133351e-27,3.076451e-36,0.0497932948,0.6680315829,0,1.496696e-33
62,Calabria,Validation,0.0317188766,2.416605e-68,0.000106495,1.898102e-70,5.073537e-19,0.9681744582,1.701559e-7,4.371796e-48,4.580607e-25
63,Calabria,Training,0.3529291305,8.482767e-83,3.549834e-16,2.697226e-84,5.591252e-38,0.6470531471,0.0000177223,2.15848e-199,4.678416e-39
64,Calabria,Validation,0.9868444843,1.197133e-53,5.233497e-11,2.180692e-52,3.698173e-21,0.0130945255,0.0000609902,1.65432e-291,1.80316e-30
65,Calabria,Validation,0.9935542113,2.071303e-36,3.093314e-10,1.951386e-28,7.821615e-20,0.0063939779,0.0000518105,3.26383e-300,4.626152e-35
66,Calabria,Training,0.975792821,3.132719e-58,1.4444071e-7,4.580213e-57,5.791637e-16,0.0242061204,9.1416523e-7,2.5159e-211,1.423741e-33
67,Calabria,Validation,0.9926283402,3.900214e-34,2.5228776e-8,1.073598e-27,3.161333e-16,0.0071194851,0.0002521495,2.02771e-279,1.060559e-25
68,Calabria,Training,0.8941441601,7.888512e-45,4.149869e-16,6.526736e-41,4.588536e-30,0.087461249,0.0183945909,0,3.820514e-39
69,Calabria,Validation,0.98493337,4.545875e-42,1.384996e-10,5.65052e-38,4.886215e-19,0.0143238321,0.0007427978,3.04877e-314,7.179877e-30
70,Calabria,Training,0.2350766573,7.431998e-38,5.053138e-22,1.710001e-48,6.541504e-37,0.1210387901,0.6438845526,0,1.776053e-31
71,Calabria,Training,0.9506513145,8.671743e-53,5.260637e-14,2.669358e-58,4.426213e-23,0.0493460762,2.6093408e-6,0,3.566025e-37
72,Calabria,Training,0.9850664615,7.693744e-56,6.878364e-15,1.493105e-56,2.455492e-28,0.0149317528,1.785761e-6,0,9.495984e-42
73,Calabria,Training,0.9803926971,4.844812e-55,1.4945676e-9,1.502571e-55,1.132854e-17,0.0196066671,6.3430554e-7,4.6522e-264,2.728835e-35
74,Calabria,Validation,0.9971432367,4.435253e-53,0.0001383036,9.013189e-44,2.062664e-10,0.0027184538,5.6303957e-9,1.19195e-178,1.110363e-36
75,Calabria,Validation,0.9974823046,4.762663e-49,1.1552737e-7,9.379937e-41,7.668927e-20,0.0025131449,4.4349496e-6,1.11614e-198,1.11611e-27
76,Calabria,Training,0.9941339465,1.498687e-39,4.9112411e-6,7.140538e-35,1.743654e-14,0.0058585022,2.6400753e-6,1.71544e-233,1.674706e-21
77,Calabria,Validation,0.9661604899,2.02469e-45,8.106913e-16,1.807343e-48,9.899869e-33,0.0335593617,0.0002801484,8.8546e-315,4.382335e-27
78,Calabria,Validation,0.8867679695,8.25683e-58,0.0751739472,3.969241e-53,1.2080763e-6,0.0380568745,6.719287e-10,9.07411e-116,7.457553e-35
79,Calabria,Training,0.9999959827,9.024733e-60,3.3360289e-8,9.422619e-42,2.064603e-15,3.983933e-6,2.344749e-11,0,4.294685e-55
80,Calabria,Training,0.9967759786,4.968776e-41,6.8216456e-9,5.836105e-27,2.163292e-20,0.0032188232,5.1914197e-6,6.30152e-245,3.235142e-37
81,Calabria,Training,0.9931100794,6.356194e-37,0.000089554,1.796354e-23,5.704254e-11,0.0067895745,0.0000107921,1.58859e-201,8.131564e-27
82,South-Apulia,Training,1.0979161e-7,5.344924e-42,1.432019e-32,7.750561e-44,2.204496e-56,2.0206555e-6,0.9999978696,0,1.873286e-27
83,South-Apulia,Training,0.0002198393,3.96813e-43,8.882704e-23,2.398657e-31,1.919861e-50,0.0000911122,0.9996890485,0,1.167516e-18
84,South-Apulia,Validation,1.8940928e-9,4.259393e-34,1.839784e-39,6.614308e-50,1.312671e-69,2.4917081e-7,0.9999997489,0,3.27644e-29
85,South-Apulia,Training,1.378001e-6,1.301099e-43,8.638829e-30,2.843326e-39,6.558069e-59,3.0516072e-6,0.9999955704,0,3.293399e-23
86,South-Apulia,Training,0.0001206318,1.452667e-32,7.911991e-27,9.152434e-32,3.588613e-48,0.0002690085,0.9996103597,0,7.04596e-32
87,South-Apulia,Training,4.936215e-10,3.601132e-31,6.472696e-45,1.318114e-63,4.955399e-67,0.0000324501,0.9999675495,0,6.086724e-47
88,South-Apulia,Training,2.835079e-13,1.040006e-48,2.312224e-63,1.48256e-101,4.05384e-100,0.0001585887,0.9998414113,0,2.68998e-49
89,South-Apulia,Training,6.984277e-14,1.046758e-56,2.401066e-62,1.65559e-118,1.072619e-89,0.0002149005,0.9997850995,0,8.697682e-59
90,South-Apulia,Training,0.0001244677,1.671794e-31,6.937347e-33,3.56388e-36,4.007449e-59,0.0027059036,0.9971696286,0,2.489461e-36
91,South-Apulia,Training,0.0000943955,3.943333e-29,1.323027e-29,1.095146e-23,2.735174e-54,0.0010394286,0.9988661759,0,1.834344e-34
92,South-Apulia,Training,1.984177e-10,2.785396e-24,5.535318e-48,2.844236e-58,9.833529e-72,0.0001159601,0.9998840397,0,6.126973e-49
93,South-Apulia,Training,6.100448e-14,8.09846e-40,5.880829e-57,1.587821e-92,3.18305e-78,2.3796707e-6,0.9999976203,0,1.714521e-49
94,South-Apulia,Validation,1.572043e-10,5.145197e-33,1.344058e-47,3.831504e-63,1.497342e-70,6.7151295e-6,0.9999932847,0,2.234186e-44
95,South-Apulia,Training,8.081797e-11,4.527958e-33,1.412103e-46,9.608443e-61,1.054699e-71,1.6808129e-6,0.9999983191,0,2.319113e-40
96,South-Apulia,Training,4.400173e-10,2.110488e-35,3.12828e-45,3.016193e-49,6.873486e-75,1.8975793e-6,0.999998102,0,6.485112e-37
97,South-Apulia,Validation,1.3827402e-9,9.327692e-43,1.254864e-42,2.361028e-61,1.317442e-61,9.2249952e-6,0.9999907736,0,2.603755e-40
98,South-Apulia,Training,9.053764e-11,7.705081e-14,6.151128e-40,7.828362e-48,1.507945e-58,1.6539167e-7,0.9999998345,0,6.005433e-29
99,South-Apulia,Validation,1.2288423e-9,4.141635e-21,1.627797e-44,5.570761e-54,3.760561e-62,0.0000965991,0.9999033997,0,3.513495e-45
100,South-Apulia,Training,4.5460708e-8,3.489831e-14,2.693135e-34,1.876488e-28,1.026596e-52,5.2655075e-6,0.999994689,0,8.04454e-29
101,South-Apulia,Training,2.8316658e-8,3.061882e-27,5.143515e-34,8.138976e-35,1.240606e-55,8.5331848e-7,0.9999991184,0,1.713313e-27
102,South-Apulia,Training,3.943116e-6,2.494453e-27,7.241654e-25,4.709799e-30,4.675943e-45,1.765212e-6,0.9999942917,0,7.596669e-21
103,South-Apulia,Training,3.479858e-10,2.806566e-20,1.160394e-44,1.249342e-56,2.867719e-64,0.0000297404,0.9999702593,0,1.476533e-44
104,South-Apulia,Training,3.8873749e-9,9.745013e-12,4.108635e-35,6.842161e-33,6.733911e-53,7.6997826e-7,0.9999992261,0,2.294213e-26
105,South-Apulia,Training,1.7235551e-9,1.589725e-21,5.18881e-42,8.801862e-54,2.146312e-59,9.3819278e-6,0.9999906163,0,1.187154e-39
106,South-Apulia,Training,0.0000130395,5.544938e-34,1.444557e-35,1.982969e-51,1.041976e-56,0.0020123961,0.9979745644,0,6.714364e-46
107,South-Apulia,Training,6.2572646e-8,6.513737e-32,2.015426e-36,2.962208e-40,4.592544e-59,4.4978657e-6,0.9999954396,0,4.293465e-33
108,South-Apulia,Training,1.0145709e-9,1.264706e-17,2.152381e-36,3.301838e-33,1.118293e-56,3.9198277e-7,0.999999607,0,1.430567e-25
109,South-Apulia,Validation,2.0407385e-6,5.838427e-25,1.774511e-31,1.208e-29,3.346999e-49,0.0000234419,0.9999745173,0,3.179336e-30
110,South-Apulia,Training,1.813323e-10,2.582236e-23,1.405728e-41,3.667793e-48,2.70182e-62,3.2575007e-7,0.9999996741,0,6.870776e-32
111,South-Apulia,Training,5.072772e-10,1.243386e-18,4.77727e-40,5.036981e-38,2.73039e-61,5.3825275e-7,0.9999994612,0,1.730647e-28
112,South-Apulia,Training,5.494303e-10,2.087305e-25,7.432738e-43,1.85025e-48,5.680419e-65,0.0000016158,0.9999983837,0,8.4645e-36
113,South-Apulia,Training,8.456868e-8,6.329303e-15,3.0454e-35,3.335988e-34,1.354929e-50,0.0000321101,0.9999678053,0,2.896429e-33
114,South-Apulia,Validation,1.1918916e-8,1.380286e-36,1.519523e-41,6.266231e-60,1.368721e-60,0.0001123385,0.9998876496,0,5.211854e-48
115,South-Apulia,Training,4.806847e-11,1.768499e-21,1.317931e-35,1.930446e-30,2.129505e-61,1.6469969e-8,0.9999999835,0,1.024429e-20
116,South-Apulia,Training,2.254194e-10,6.156477e-20,5.883853e-43,4.194928e-53,9.409348e-61,2.7302466e-6,0.9999972695,0,1.441811e-37
117,South-Apulia,Training,2.9833838e-9,7.627372e-24,2.826188e-43,1.367821e-47,3.785549e-66,0.0001978666,0.9998021304,0,3.565497e-48
118,South-Apulia,Training,0.0000990252,1.385482e-30,4.640409e-29,1.01014e-36,2.067463e-48,0.0002286301,0.9996723446,0,6.634562e-35
119,South-Apulia,Validation,1.2152197e-7,1.361512e-10,1.02892e-29,7.831921e-17,5.1025e-46,0.0000182458,0.9999816325,0,2.136298e-20
120,South-Apulia,Validation,7.87145e-8,1.315461e-24,2.28514e-39,2.12111e-50,1.214058e-54,0.000071575,0.9999283463,0,2.355013e-43
121,South-Apulia,Training,0.3161254168,2.758803e-45,2.529893e-18,2.527476e-37,4.639335e-42,0.0477592762,0.636115307,3.12383e-289,9.250019e-25
122,South-Apulia,Training,4.2953003e-7,1.292311e-16,1.149996e-32,5.853252e-32,2.105454e-49,0.0000241826,0.9999753878,0,2.113989e-32
123,South-Apulia,Training,4.1330129e-7,1.852763e-20,9.74695e-37,2.523647e-36,1.138603e-57,0.0023515511,0.9976480356,0,7.011134e-47
124,South-Apulia,Training,4.3138334e-6,1.134579e-15,5.089753e-31,1.11792e-19,3.976798e-49,0.0012275712,0.998768115,0,1.345773e-35
125,South-Apulia,Training,7.4197207e-8,1.957385e-14,1.060669e-35,5.42825e-34,3.258058e-51,0.000034131,0.9999657948,0,1.075128e-33
126,South-Apulia,Training,1.9824265e-7,4.507183e-15,1.506148e-33,1.352288e-23,1.271356e-51,0.0000444124,0.9999553894,0,2.264875e-28
127,South-Apulia,Validation,1.8703719e-7,4.448096e-18,3.307667e-35,3.5398e-37,7.910561e-52,0.0000297803,0.9999700326,0,9.887369e-36
128,South-Apulia,Training,1.9879231e-8,2.270957e-14,6.446295e-35,1.605034e-24,2.94384e-54,0.0000168934,0.9999830867,0,1.890653e-27
129,South-Apulia,Training,4.0661468e-9,3.061506e-24,3.003062e-37,3.903508e-34,1.719181e-60,9.7636893e-7,0.9999990196,0,1.094721e-28
130,South-Apulia,Training,7.3657726e-8,9.379464e-16,7.356645e-31,2.472711e-20,2.160091e-51,1.0456843e-6,0.9999988807,0,5.210047e-21
131,South-Apulia,Validation,3.8160416e-7,5.222618e-15,2.6724e-30,1.101423e-16,1.773035e-51,0.0000448868,0.9999547316,0,5.072447e-26
132,South-Apulia,Validation,2.6331564e-8,2.074384e-17,2.048115e-36,1.823547e-27,1.283648e-58,0.0000116665,0.9999883072,0,1.216075e-30
133,South-Apulia,Training,5.7481793e-7,5.063305e-22,2.642357e-36,1.743185e-36,1.052842e-57,0.0008783874,0.9991210378,0,4.122748e-45
134,South-Apulia,Training,2.6895273e-7,1.957417e-27,6.950893e-37,1.226851e-35,3.395783e-58,0.0000555103,0.9999442207,0,2.583748e-37
135,South-Apulia,Training,0.0002294172,7.958494e-20,4.156986e-24,8.854968e-22,1.920534e-40,0.0001187898,0.999651793,0,4.539201e-27
136,South-Apulia,Validation,6.670673e-14,4.257035e-49,9.436917e-56,1.858836e-84,1.759141e-82,5.0353452e-7,0.9999994965,0,7.383878e-45
137,South-Apulia,Training,5.7006106e-8,1.400988e-42,1.1513e-37,2.419689e-45,7.544499e-65,6.3234303e-6,0.9999936196,0,6.77635e-33
138,South-Apulia,Validation,4.3838993e-7,2.53334e-36,3.20233e-40,2.124671e-46,5.499662e-68,0.0003104462,0.9996891154,0,1.236217e-43
139,South-Apulia,Validation,0.2308977242,4.04871e-37,4.12895e-22,8.64937e-34,5.392923e-44,0.0570450163,0.7120572595,0,1.155691e-31
140,South-Apulia,Training,3.9302093e-9,3.592322e-39,9.957854e-50,9.699379e-89,1.292607e-71,0.0011392129,0.9988607832,0,1.176888e-57
141,South-Apulia,Training,0.0000249839,1.407278e-19,1.602737e-29,4.515316e-30,3.315411e-47,0.0043708122,0.9956042039,0,3.737254e-44
142,South-Apulia,Training,0.000004157,4.137897e-23,6.221861e-35,4.610365e-43,1.8696e-53,0.0032302103,0.9967656327,0,4.047887e-49
143,South-Apulia,Training,8.244023e-12,3.727984e-35,1.56235e-50,1.368876e-67,1.644075e-77,1.480518e-6,0.9999985195,0,9.929967e-43
144,South-Apulia,Training,2.688683e-6,1.316859e-22,2.555539e-33,3.124557e-35,2.81902e-53,0.0001181448,0.9998791666,0,6.519579e-37
145,South-Apulia,Training,0.0000311547,8.887146e-35,3.552265e-29,5.566956e-33,7.591405e-52,0.0000765608,0.9998922845,0,2.239218e-30
146,South-Apulia,Validation,1.046614e-10,3.514946e-39,5.018192e-46,1.653642e-56,1.500055e-74,9.9188751e-7,0.999999008,0,9.209252e-38
147,South-Apulia,Training,3.37289e-12,2.909478e-41,3.605878e-53,3.52194e-77,1.684384e-82,3.1669953e-6,0.999996833,0,3.956363e-45
148,South-Apulia,Training,0.0000790092,8.99304e-36,7.216052e-35,8.115694e-44,4.244217e-57,0.0043426621,0.9955783287,0,5.837761e-54
149,South-Apulia,Training,1.199948e-10,5.369949e-33,8.624067e-46,3.026443e-53,1.108116e-73,8.3092506e-7,0.999999169,0,1.285964e-36
150,South-Apulia,Validation,0.0007712876,1.161677e-21,1.148509e-25,1.856391e-26,6.312435e-42,0.000694168,0.9985345444,0,5.872933e-33
151,South-Apulia,Validation,1.015668e-12,8.81586e-40,5.333095e-54,7.552701e-74,2.72244e-83,9.6112709e-7,0.9999990389,0,1.012856e-43
152,South-Apulia,Training,1.4104887e-8,9.398814e-34,1.253588e-44,3.880865e-47,4.283628e-74,0.0000859546,0.9999140313,0,4.603897e-44
153,South-Apulia,Training,7.6402301e-7,2.917095e-40,9.911479e-39,1.734712e-47,4.021379e-65,0.0003949724,0.9996042636,0,2.609893e-44
154,South-Apulia,Training,2.790589e-13,3.229401e-44,1.438742e-60,7.020468e-93,1.754013e-90,0.0000543415,0.9999456585,0,1.579363e-58
155,South-Apulia,Validation,2.7638593e-9,6.731651e-43,1.602799e-47,4.337624e-92,1.386138e-64,0.0004097938,0.9995902034,0,3.317026e-57
156,South-Apulia,Training,3.426305e-11,1.733158e-42,5.362582e-49,1.087236e-71,1.467863e-75,3.2858231e-6,0.9999967141,0,3.8426e-43
157,South-Apulia,Training,4.503201e-11,1.34756e-41,5.634567e-51,4.314446e-77,2.166651e-79,0.0000155467,0.9999844532,0,2.055e-44
158,South-Apulia,Validation,6.0988e-15,1.197948e-48,2.646846e-63,5.77294e-116,4.123411e-90,0.0000110555,0.9999889445,0,2.121177e-55
159,South-Apulia,Validation,2.261432e-17,6.56455e-65,8.740825e-72,2.41588e-135,3.05483e-100,0.0000537767,0.9999462233,0,3.172581e-68
160,South-Apulia,Training,4.545762e-12,4.647081e-47,4.284987e-51,4.983982e-91,5.607024e-74,0.0000115784,0.9999884216,0,4.649789e-46
161,South-Apulia,Validation,1.447795e-13,8.78313e-53,2.732086e-61,3.547976e-85,2.141525e-94,5.3587273e-6,0.9999946413,0,1.472796e-52
162,South-Apulia,Validation,0.0015076173,8.921747e-13,1.382567e-23,2.117762e-26,2.099989e-34,0.0029734942,0.9955188885,0,4.420002e-30
163,South-Apulia,Validation,9.913302e-14,5.742123e-35,9.852247e-59,1.63391e-117,1.286918e-76,0.0001476221,0.9998523779,0,2.944412e-55
164,South-Apulia,Training,3.0257207e-9,1.888506e-38,3.593768e-44,3.220679e-66,1.970574e-63,0.0000483647,0.9999516323,0,4.492226e-48
165,South-Apulia,Training,1.580872e-6,2.108247e-15,4.689981e-31,3.136935e-35,1.315805e-44,0.0000550434,0.9999433757,0,3.612219e-33
166,South-Apulia,Training,2.008797e-6,7.482167e-22,2.320969e-35,4.042047e-50,1.347345e-50,0.0005721429,0.9994258483,0,3.621425e-42
167,South-Apulia,Training,1.356789e-12,1.123459e-40,6.100538e-55,4.20811e-103,3.791065e-78,0.0000355447,0.9999644553,0,3.044092e-45
168,South-Apulia,Validation,3.24519e-11,2.632805e-37,5.85385e-51,5.921883e-89,1.039e-70,0.0000990724,0.9999009276,0,2.387081e-52
169,South-Apulia,Training,1.0033389e-6,7.040194e-10,2.939969e-29,3.906868e-27,1.058698e-42,0.0000199718,0.9999790242,0,3.299876e-28
170,South-Apulia,Validation,1.0835281e-8,6.931443e-35,2.226557e-41,6.401319e-55,5.450609e-62,0.0000102343,0.9999897549,0,4.620102e-42
171,South-Apulia,Training,0.0000469873,3.5209e-35,1.108512e-27,9.323499e-33,5.930422e-48,0.000069799,0.9998832137,0,2.442004e-29
172,South-Apulia,Training,6.427913e-11,7.006814e-35,2.75492e-44,4.173795e-53,4.476363e-70,2.5404121e-7,0.9999997459,0,5.828211e-34
173,South-Apulia,Training,6.577096e-13,3.238541e-54,7.160515e-54,1.035724e-92,3.00197e-77,0.0000112904,0.9999887096,0,6.942082e-51
174,South-Apulia,Training,0.0000151906,4.173337e-16,2.575981e-29,1.293771e-28,2.168577e-46,0.000134554,0.9998502554,0,3.487167e-31
175,South-Apulia,Validation,0.0021261291,1.885663e-23,2.497687e-25,8.254869e-30,1.322415e-41,0.0038672339,0.994006637,0,7.974033e-37
176,South-Apulia,Training,3.63589e-18,3.545626e-51,1.233512e-65,2.2699e-122,1.294534e-95,7.3876011e-8,0.9999999261,0,5.111822e-45
177,South-Apulia,Training,1.114081e-16,3.36004e-64,2.501083e-72,4.07532e-137,7.03167e-105,0.000192226,0.999807774,0,2.369414e-63
178,South-Apulia,Training,0.0000963279,5.388972e-15,3.231121e-24,5.348057e-17,2.961885e-43,0.0001272331,0.999776439,0,1.015068e-23
179,South-Apulia,Validation,2.0965917e-7,3.409637e-27,3.428088e-37,7.742579e-37,2.776086e-64,0.0000318363,0.999967954,0,3.700523e-33
180,South-Apulia,Training,3.8703507e-6,3.045106e-12,1.39956e-29,7.959186e-30,2.353587e-47,0.0000525147,0.9999436149,0,1.521453e-26
181,South-Apulia,Training,1.697638e-10,3.487044e-39,5.420771e-46,1.250929e-68,7.708765e-69,5.0514016e-6,0.9999949484,0,1.099997e-42
182,South-Apulia,Training,6.859333e-12,6.006077e-42,1.913095e-48,1.293125e-72,8.364323e-72,9.6200865e-7,0.999999038,0,1.20844e-41
183,South-Apulia,Training,1.080033e-10,1.145317e-41,1.075448e-47,1.110944e-75,3.432672e-67,0.0000272085,0.9999727914,0,1.422031e-49
184,South-Apulia,Training,8.0648576e-6,4.695173e-37,2.649085e-34,3.197933e-41,7.566546e-55,0.0001025023,0.9998894329,0,1.350911e-40
185,South-Apulia,Training,0.0000333223,4.195291e-28,4.96608e-27,2.554423e-31,5.137673e-48,0.0000453564,0.9999213212,0,4.706153e-27
186,South-Apulia,Validation,9.0713928e-7,3.499834e-31,7.891143e-35,5.980626e-24,7.666004e-65,0.0000737673,0.9999253255,0,1.364883e-30
187,South-Apulia,Training,0.0379383633,2.712434e-23,4.042259e-20,1.521815e-21,2.204423e-36,0.0044927284,0.9575689083,0,8.247106e-29
188,South-Apulia,Training,0.000056031,6.564272e-36,6.49403e-31,3.372404e-24,7.452759e-64,0.0074848492,0.9924591198,0,1.478473e-28
189,South-Apulia,Training,0.000178814,2.163685e-26,7.416654e-28,4.428108e-34,1.250839e-43,0.0004973074,0.9993238786,0,5.636665e-36
190,South-Apulia,Training,1.1995481e-7,3.499801e-55,2.282144e-37,1.316121e-65,4.042571e-61,0.0001522068,0.9998476733,0,8.383932e-38
191,South-Apulia,Training,4.6413906e-7,2.928047e-19,6.819117e-33,1.470686e-35,3.140393e-52,0.0000112871,0.9999882488,0,3.321427e-31
192,South-Apulia,Validation,3.618311e-11,2.035735e-30,1.106407e-46,1.382783e-69,2.432369e-68,1.8094041e-6,0.9999981906,0,4.016238e-41
193,South-Apulia,Training,4.1877804e-6,3.211355e-16,3.427927e-31,1.815923e-31,2.951945e-49,0.0001588799,0.9998369324,0,9.517499e-35
194,South-Apulia,Validation,1.084974e-18,1.278557e-56,1.076978e-75,7.56738e-132,1.18893e-113,2.1259824e-6,0.999997874,0,1.560185e-54
195,South-Apulia,Training,9.065572e-13,3.655094e-28,3.191407e-53,1.524003e-73,1.967323e-79,1.4521205e-6,0.9999985479,0,3.078593e-43
196,South-Apulia,Validation,0.0000251488,3.641608e-20,9.543845e-30,1.680609e-35,2.722375e-49,0.0002074852,0.999767366,0,1.529839e-31
197,South-Apulia,Validation,3.907114e-10,1.000063e-26,2.956896e-43,1.858468e-57,7.539644e-66,1.8621912e-6,0.9999981374,0,3.136096e-38
198,South-Apulia,Validation,3.978385e-25,3.077277e-82,2.406632e-94,1.6608e-178,1.72114e-140,8.6325836e-7,0.9999991367,0,8.851158e-63
199,South-Apulia,Training,1.342682e-19,8.587092e-64,2.16897e-78,4.45645e-143,1.54708e-115,3.8648891e-6,0.9999961351,0,2.19677e-59
200,South-Apulia,Validation,1.774159e-22,2.757584e-68,1.248375e-87,1.50804e-168,1.68721e-128,2.8855778e-6,0.9999971144,0,2.216677e-60
201,South-Apulia,Training,4.3100458e-9,1.005072e-27,7.373979e-42,2.370785e-59,5.066215e-63,0.0000245609,0.9999754348,0,6.778895e-42
202,South-Apulia,Validation,1.599196e-12,1.152902e-51,1.080209e-54,4.535941e-88,2.085017e-85,9.5235466e-6,0.9999904765,0,9.560377e-47
203,South-Apulia,Training,8.5914917e-8,1.199636e-17,1.973958e-35,4.651551e-42,6.072327e-54,0.0000124874,0.9999874267,0,6.367477e-34
204,South-Apulia,Training,2.087741e-25,9.857304e-71,1.609256e-94,7.56363e-192,1.34794e-135,6.6968318e-7,0.9999993303,0,4.104444e-62
205,South-Apulia,Validation,3.208073e-14,2.5413e-30,3.253711e-56,3.63035e-110,2.604671e-75,0.000004518,0.999995482,0,1.198709e-45
206,South-Apulia,Training,1.80501e-11,2.5196e-15,4.90112e-42,1.234228e-58,1.298131e-59,1.661499e-7,0.9999998338,0,7.147074e-31
207,South-Apulia,Validation,5.1534352e-9,1.31321e-15,7.887446e-40,7.576672e-56,4.722117e-56,0.0000284282,0.9999715667,0,1.48995e-38
208,South-Apulia,Training,1.501694e-11,2.988447e-35,3.553195e-49,2.124154e-84,3.400071e-70,7.1340575e-6,0.9999928659,0,1.184557e-43
209,South-Apulia,Validation,0.0010134733,4.143064e-15,1.20423e-22,3.868325e-20,2.682905e-37,0.0006520388,0.9983344879,0,2.103363e-28
210,South-Apulia,Validation,4.1322558e-6,3.516451e-19,2.706972e-30,8.698298e-33,1.568193e-47,0.0000446145,0.9999512533,0,1.499999e-32
211,South-Apulia,Training,0.1653154438,1.342169e-22,8.453759e-12,7.009267e-12,1.270948e-27,0.0046322096,0.8300523466,1.0985e-297,2.651966e-16
212,South-Apulia,Training,0.0008265067,2.8667542e-8,1.302726e-16,0.0036859123,1.545848e-30,0.0019330942,0.9935544581,0,6.079993e-18
213,South-Apulia,Validation,7.239893e-7,7.063367e-22,7.42501e-31,6.295786e-38,2.54637e-50,5.6888464e-6,0.9999935872,0,2.170207e-28
214,South-Apulia,Training,1.091606e-10,1.274085e-28,1.105007e-41,2.394663e-53,6.248081e-66,1.7338357e-7,0.9999998265,0,6.532522e-32
215,South-Apulia,Validation,0.0002889688,7.326876e-13,1.610542e-22,8.287401e-19,1.401817e-37,0.0001760064,0.9995350248,0,3.864308e-25
216,South-Apulia,Validation,0.3518159342,5.552566e-14,5.764397e-11,4.9008396e-6,1.968043e-23,0.0238376286,0.6243415363,0,6.072781e-18
217,South-Apulia,Training,6.616313e-10,1.12752e-63,1.149761e-48,5.215356e-71,4.057844e-83,0.0002184341,0.9997815653,0,6.003426e-47
218,South-Apulia,Training,1.0784136e-6,4.507282e-66,1.84503e-39,2.452112e-65,4.055091e-71,0.0035739187,0.9964250028,0,2.287475e-42
219,South-Apulia,Training,2.074673e-8,2.431743e-32,3.383947e-38,1.496092e-58,1.067487e-57,0.0000348031,0.9999651762,0,4.339076e-41
220,South-Apulia,Validation,1.764281e-11,7.320532e-34,1.039411e-48,1.322742e-77,4.028057e-70,7.4311229e-6,0.9999925689,0,1.615215e-46
221,South-Apulia,Training,0.000023158,3.485852e-24,2.220118e-28,6.740406e-36,2.516472e-43,0.0006375077,0.9993393343,0,5.977961e-39
222,South-Apulia,Training,0.0000054559,5.870505e-34,7.413224e-31,2.276414e-40,1.57744e-49,0.0000760713,0.9999184728,0,1.215951e-34
223,South-Apulia,Training,1.0104925e-7,1.002094e-46,2.396787e-38,2.181891e-54,3.501528e-65,0.0000399154,0.9999599836,0,8.268494e-38
224,South-Apulia,Training,5.933949e-10,9.160173e-54,1.307075e-45,9.092548e-68,5.595752e-73,0.0000165408,0.9999834586,0,1.352818e-42
225,South-Apulia,Training,3.342625e-6,1.638154e-41,6.898591e-35,1.642968e-47,5.498872e-59,0.0005147284,0.999481929,0,1.003572e-41
226,South-Apulia,Training,0.0059860535,7.46339e-34,6.805003e-23,2.104509e-27,9.538185e-44,0.0031194704,0.9908944761,0,1.814802e-30
227,South-Apulia,Training,0.2831542772,3.40471e-27,1.178861e-16,1.151572e-25,1.971999e-31,0.0805604109,0.6362853119,0,3.283119e-33
228,South-Apulia,Validation,1.8346856e-8,1.192914e-41,1.415974e-40,4.318548e-55,3.69716e-66,0.0000176622,0.9999823194,0,1.943443e-39
229,South-Apulia,Training,4.705604e-11,2.945356e-50,3.282678e-48,4.054061e-64,4.576067e-80,0.00000142,0.99999858,0,6.868195e-39
230,South-Apulia,Training,0.9146762259,1.478543e-33,4.1115835e-6,5.613859e-24,5.263413e-17,0.0834680776,0.0018515849,1.70956e-182,3.444476e-24
231,South-Apulia,Validation,0.0002195419,5.336265e-20,5.02392e-26,6.824178e-31,1.250799e-42,0.0006069313,0.9991735268,0,1.146259e-32
232,South-Apulia,Validation,0.0000232255,1.594721e-16,2.92505e-29,2.490213e-36,7.986105e-45,0.0005317663,0.9994450082,0,3.475815e-35
233,South-Apulia,Training,0.0657093067,8.792053e-34,2.76288e-16,3.813865e-30,1.008292e-30,0.0273850971,0.9069055962,0,5.229901e-31
234,South-Apulia,Training,9.338304e-10,6.098868e-44,3.530116e-44,8.768913e-61,7.233179e-71,6.4959812e-6,0.9999935031,0,8.675357e-41
235,South-Apulia,Training,3.4209243e-7,7.302824e-15,8.80158e-34,2.425533e-40,7.280448e-49,0.0000762238,0.9999234341,0,8.153278e-37
236,South-Apulia,Validation,0.0000136021,1.324036e-54,9.993345e-34,3.569089e-50,9.331906e-62,0.0009614392,0.9990249587,0,7.214525e-36
237,South-Apulia,Training,0.1193210674,6.044983e-18,7.344318e-16,1.528631e-14,6.058433e-28,0.0178096964,0.8628692362,0,1.592653e-28
238,South-Apulia,Validation,0.0018489815,6.306784e-18,1.330505e-21,1.580742e-19,8.003654e-36,0.0006264736,0.9975245449,0,5.113158e-28
239,South-Apulia,Training,4.718281e-9,8.722053e-29,3.319636e-40,1.28141e-56,8.274625e-59,6.4852955e-6,0.99999351,0,7.650006e-39
240,South-Apulia,Validation,6.4088209e-9,3.746386e-20,1.057642e-38,6.726123e-51,1.571428e-57,4.3242593e-6,0.9999956693,0,7.972339e-35
241,South-Apulia,Training,3.7505485e-8,1.368425e-32,6.400157e-38,3.977666e-51,3.089447e-59,8.9542897e-6,0.9999910082,0,9.602487e-37
242,South-Apulia,Training,1.194579e-15,2.960699e-50,4.257027e-62,1.966009e-98,2.551034e-94,2.7776706e-7,0.9999997222,0,5.289247e-47
243,South-Apulia,Training,7.466394e-6,1.125343e-27,6.184465e-30,5.839591e-33,1.61936e-50,0.0000269417,0.9999655919,0,1.577515e-30
244,South-Apulia,Training,2.4072147e-7,4.087298e-24,1.865751e-34,3.408953e-42,6.757358e-55,9.7347012e-6,0.9999900246,0,1.912838e-32
245,South-Apulia,Training,1.0918404e-9,2.168493e-27,1.051083e-42,4.339323e-61,5.042955e-62,8.547383e-6,0.9999914515,0,1.022037e-41
246,South-Apulia,Training,1.606135e-15,6.119372e-36,1.415724e-62,3.107324e-98,2.141884e-88,1.285201e-6,0.9999987148,0,8.326685e-50
247,South-Apulia,Training,1.1078453e-6,0.000027164,9.542394e-30,7.868539e-25,1.693822e-41,0.0010587751,0.998912953,0,8.410748e-33
248,South-Apulia,Validation,3.9190714e-9,9.536893e-25,3.123327e-41,7.226401e-51,9.216477e-63,7.1249767e-6,0.9999928711,0,8.230633e-39
249,South-Apulia,Training,2.427441e-15,1.339667e-49,2.216873e-59,1.12307e-107,1.542496e-84,9.656191e-7,0.9999990344,0,5.283591e-49
250,South-Apulia,Training,4.377188e-13,1.225771e-34,6.121781e-53,1.076009e-81,2.785144e-75,9.5605886e-7,0.9999990439,0,4.035511e-45
251,South-Apulia,Validation,7.595631e-13,6.112454e-23,5.184462e-52,4.829457e-81,8.04571e-69,4.7921405e-6,0.9999952079,0,6.841943e-45
252,South-Apulia,Validation,4.288226e-13,1.199761e-35,1.29789e-50,8.216921e-80,2.154561e-72,2.2078657e-7,0.9999997792,0,3.941428e-41
253,South-Apulia,Validation,0.000013372,3.290153e-24,4.31747e-29,6.359609e-32,2.838274e-46,0.000053253,0.999933375,0,8.00771e-32
254,South-Apulia,Training,1.7092302e-8,2.089532e-26,1.201802e-38,3.145623e-57,1.267049e-54,0.0000220271,0.9999779558,0,4.690081e-40
255,South-Apulia,Validation,1.4010655e-8,1.070343e-47,4.179022e-41,1.043712e-97,1.626831e-56,0.8473264588,0.1526735272,0,4.041406e-64
256,South-Apulia,Training,0.0010608652,1.730047e-25,1.162308e-25,9.162907e-37,1.392061e-44,0.0616663089,0.9372728259,0,4.284102e-43
257,South-Apulia,Training,6.2106449e-9,8.384019e-47,2.771895e-44,4.34297e-113,1.001572e-59,0.9989049016,0.0010950922,0,3.304184e-64
258,Sicily,Training,0.9285622402,1.290943e-33,0.0000205537,4.028045e-24,4.856185e-16,0.0710987313,0.0003184747,5.77622e-174,2.970301e-24
259,Sicily,Training,2.708303e-15,1.431296e-81,1.940378e-60,4.97723e-173,3.534068e-75,0.9991635497,0.0008364503,0,1.704774e-77
260,Sicily,Validation,0.0000804265,1.868506e-20,4.948482e-31,4.63299e-61,4.170258e-41,0.4299638538,0.5699557198,0,4.152918e-53
261,Sicily,Validation,0.0001844176,1.772768e-30,2.515465e-30,2.845295e-59,1.707381e-48,0.4857841066,0.5140314758,0,6.844074e-54
262,Sicily,Validation,0.0352658771,1.424496e-27,5.5191194e-7,5.669948e-19,1.689766e-18,0.9645831616,0.0001504094,8.74421e-276,8.930345e-42
263,Sicily,Training,1.9277555e-7,6.68749e-120,3.151632e-11,1.74314e-171,3.442032e-12,0.9999998072,1.411609e-23,1.022581e-82,1.943918e-36
264,Sicily,Training,0.0176131849,1.637668e-83,0.0001871875,1.14715e-104,1.3149779e-6,0.9821983127,1.4725e-15,2.740105e-85,1.051355e-31
265,Sicily,Validation,0.0051108007,1.50384e-71,0.0001333229,1.645948e-84,2.6417131e-6,0.9947532347,1.936589e-15,6.027921e-79,2.286276e-29
266,Sicily,Validation,8.527911e-13,1.618228e-69,0.0000178148,4.223414e-69,0.937560606,0.0624215792,2.870761e-17,1.915662e-69,3.740748e-28
267,Sicily,Training,4.4038092e-6,2.67907e-102,1.1774784e-9,4.66124e-139,9.77988e-11,0.9999955949,2.366745e-21,2.889432e-72,9.09593e-34
268,Sicily,Validation,0.0174313729,1.156262e-49,0.0994480417,9.129455e-49,0.0011887175,0.8819318679,3.197237e-11,9.047792e-98,5.795422e-25
269,Sicily,Training,0.8906419393,1.534101e-28,1.1765094e-7,6.550409e-24,2.569919e-12,0.1093451028,0.0000128402,2.2056e-316,5.370353e-35
270,Sicily,Training,0.070179774,9.143865e-24,0.000339492,2.026152e-12,6.914422e-6,0.9294729975,8.2198682e-7,4.62324e-238,1.220888e-21
271,Sicily,Training,2.252447e-14,2.413402e-81,0.0000232157,2.540496e-93,0.99003731,0.0099394743,4.459718e-19,5.746655e-43,6.469059e-27
272,Sicily,Training,4.107412e-12,2.982292e-66,0.0000152834,1.178048e-59,0.7767645345,0.2232201821,1.315661e-16,9.809975e-98,2.614556e-32
273,Sicily,Validation,0.1065425326,2.131344e-27,5.7577359e-7,6.564235e-19,4.285301e-8,0.8934568013,4.7481557e-8,1.4094e-281,4.392817e-32
274,Sicily,Training,0.0031487772,2.705417e-54,1.740072e-26,8.265087e-63,1.151275e-47,0.8497282951,0.1471229276,0,5.802252e-48
275,Sicily,Training,0.3982045605,1.567946e-38,3.7900088e-9,1.034298e-29,1.029872e-21,0.5857865077,0.016008928,6.40108e-243,5.47187e-35
276,Sicily,Training,0.0526301184,4.15508e-14,1.848279e-14,6.643344e-22,3.341211e-20,0.9013673923,0.0460024893,0,1.950433e-40
277,Sicily,Training,7.0285797e-6,1.364368e-37,1.957307e-33,2.393802e-62,1.038154e-52,0.0094035642,0.9905894072,0,2.353516e-45
278,Sicily,Training,2.5535024e-9,1.013962e-79,5.06001e-49,1.903214e-85,4.172026e-89,0.0089839433,0.9910160541,0,1.210739e-47
279,Sicily,Training,0.0000164651,2.86326e-33,2.336652e-30,5.538913e-51,1.991744e-46,0.0029847382,0.9969987967,0,9.680804e-45
280,Sicily,Validation,4.5479497e-6,5.461519e-47,2.476398e-25,1.802534e-54,4.033406e-42,0.1300460348,0.8699494172,0,9.597321e-53
281,Sicily,Validation,0.0701357557,5.379901e-36,3.436792e-11,1.607654e-31,1.204462e-21,0.8758084717,0.0540557725,0,3.978774e-42
282,Sicily,Validation,0.0015201487,1.181014e-33,3.315468e-14,5.195306e-32,2.943136e-26,0.8051818909,0.1932979604,0,2.75864e-49
283,Sicily,Training,0.1930169277,2.362801e-29,0.0000404189,5.858535e-18,1.586797e-15,0.805405837,0.0015368164,3.33775e-209,4.191588e-34
284,Sicily,Training,0.026177852,5.526756e-57,0.0281256023,7.457154e-64,0.0002440457,0.9454525,2.409898e-12,1.139456e-83,5.82431e-24
285,Sicily,Training,0.0799680202,2.548824e-52,0.0474433723,4.997846e-55,0.00027078,0.8723178275,2.046656e-11,1.248819e-99,7.353881e-27
286,Sicily,Training,0.95897496,4.003029e-46,3.404995e-6,1.678369e-40,2.528238e-12,0.0410115726,0.0000100624,3.34746e-218,4.329718e-30
287,Sicily,Training,2.0025192e-9,7.714047e-58,0.0084865699,2.79553e-56,0.9790742012,0.0124392269,1.281584e-14,2.104298e-60,1.76844e-23
288,Sicily,Validation,6.874069e-10,9.547539e-55,0.0013305609,8.328449e-47,0.9806397231,0.0180297153,2.027636e-14,9.26164e-81,2.502615e-28
289,Sicily,Training,7.4563625e-9,1.240651e-52,0.0018775866,6.362643e-44,0.8632184978,0.1349039082,1.523896e-13,6.293939e-99,2.130164e-25
290,Sicily,Validation,0.0014847123,3.540218e-59,3.1509911e-7,1.201134e-69,3.5766903e-9,0.998514969,4.136438e-15,7.11569e-124,6.05082e-31
291,Sicily,Validation,0.5524257723,2.986507e-37,0.043425306,1.56567e-29,0.0000275831,0.4041212957,4.2955436e-8,9.84194e-160,1.281113e-29
292,Sicily,Validation,0.9545510819,9.737042e-38,0.0011615584,6.309015e-29,2.2172854e-8,0.044286536,8.015372e-7,3.42192e-184,1.028212e-29
293,Sicily,Validation,0.7513325055,1.257853e-54,0.0013882638,2.038556e-58,1.0767979e-7,0.2472791228,2.562478e-10,1.1475e-137,5.226206e-30
294,South-Apulia,Training,0.0003409406,1.179876e-16,1.927787e-24,4.252768e-18,9.971474e-40,0.0005314791,0.9991275803,0,7.4287e-30
295,South-Apulia,Validation,2.4215349e-6,1.557108e-13,1.703408e-24,1.567587e-14,2.540212e-42,7.1084515e-6,0.99999047,0,5.030252e-20
296,South-Apulia,Training,0.1068277189,1.619371e-31,3.498814e-19,1.10233e-26,4.176618e-35,0.0241274836,0.8690447975,0,2.146383e-33
297,South-Apulia,Training,4.3205793e-9,9.369716e-22,5.584039e-39,6.561201e-42,7.083469e-59,0.0000146955,0.9999853002,0,2.19617e-39
298,South-Apulia,Training,0.3490119335,3.729417e-21,2.6747199e-8,5.3801069e-8,5.587413e-21,0.0828385468,0.5681494391,1.57142e-238,7.785816e-14
299,South-Apulia,Training,3.476132e-27,5.01391e-118,1.595754e-97,7.47899e-216,6.90479e-127,0.0005071693,0.9994928307,0,4.771258e-82
300,South-Apulia,Validation,1.465462e-22,8.506291e-95,1.202098e-86,2.58647e-149,6.15099e-129,5.184208e-6,0.9999948158,0,1.085719e-63
301,South-Apulia,Validation,7.050878e-11,1.75255e-57,6.818539e-47,1.871798e-94,9.876516e-64,0.0049654105,0.9950345894,0,2.781018e-69
302,South-Apulia,Training,2.939086e-11,6.876857e-40,3.093389e-47,1.856713e-77,9.688956e-65,0.0000162135,0.9999837865,0,6.772607e-48
303,South-Apulia,Training,1.9885487e-6,1.631629e-31,6.365757e-34,5.168466e-40,3.078782e-52,0.0002894558,0.9997085556,0,1.592317e-40
304,South-Apulia,Validation,0.00007114,8.741449e-17,1.895108e-25,1.806339e-19,1.006425e-41,0.0001270013,0.9998018587,0,6.813419e-28
305,South-Apulia,Training,2.1919591e-9,4.410756e-34,7.915349e-40,1.331518e-46,1.851447e-61,7.4687205e-7,0.9999992509,0,7.630782e-30
306,South-Apulia,Validation,3.300323e-29,4.96243e-114,3.09839e-102,2.15534e-252,1.69177e-133,0.0060683239,0.9939316761,0,4.25436e-85
307,South-Apulia,Training,9.668268e-28,3.44691e-115,4.338954e-95,6.99195e-220,1.33132e-120,0.0052466952,0.9947533048,0,5.126156e-89
308,South-Apulia,Training,0.0000645197,2.683667e-44,7.060687e-35,1.116002e-47,2.689558e-57,0.0024190748,0.9975164056,0,1.078616e-50
309,South-Apulia,Validation,3.388351e-14,1.949713e-52,2.097721e-58,3.48385e-108,3.845526e-85,0.0002442633,0.9997557367,0,9.222451e-60
310,South-Apulia,Training,9.4391325e-7,8.066861e-15,3.056444e-25,1.590609e-15,8.782107e-44,3.7997511e-6,0.9999952563,0,9.714651e-20
311,South-Apulia,Validation,1.074548e-16,1.453563e-60,8.539475e-59,8.56451e-105,1.569353e-86,3.660552e-8,0.9999999634,0,8.104788e-44
312,South-Apulia,Training,1.805465e-18,1.026229e-79,5.826099e-72,1.25363e-120,7.89449e-110,5.4384753e-6,0.9999945615,0,2.124645e-58
313,South-Apulia,Training,3.657461e-24,1.1435e-106,7.152755e-94,8.55804e-158,2.33572e-146,0.0000112369,0.9999887631,0,8.343597e-66
314,South-Apulia,Validation,1.994749e-31,1.21139e-135,3.45616e-108,7.43191e-239,1.41367e-154,0.0002154025,0.9997845975,0,1.716248e-78
315,South-Apulia,Training,4.967398e-25,7.13205e-110,3.628523e-92,1.66422e-171,5.93205e-135,0.0000143267,0.9999856733,0,4.4017e-68
316,South-Apulia,Training,1.695886e-8,2.165234e-44,1.08972e-42,4.006128e-52,6.639132e-70,0.0003753115,0.9996246715,0,9.345506e-49
317,South-Apulia,Training,1.164853e-24,1.09886e-111,1.973585e-83,5.40975e-184,7.89065e-117,0.0443245975,0.9556754025,0,8.871042e-98
318,South-Apulia,Training,3.94165e-26,1.28991e-116,5.890732e-97,2.42302e-191,5.36976e-143,0.0001803167,0.9998196833,0,1.292677e-72
319,South-Apulia,Training,4.38896e-22,1.686442e-98,5.588641e-85,7.02565e-161,2.60385e-125,0.0000300629,0.9999699371,0,2.243954e-67
320,South-Apulia,Training,9.875835e-19,1.279334e-68,7.439282e-78,4.42627e-131,5.05358e-118,0.000048469,0.999951531,0,1.997673e-66
321,South-Apulia,Validation,1.199039e-16,1.220567e-50,6.382467e-69,5.9951e-111,3.36779e-101,9.418371e-6,0.9999905816,0,5.358225e-60
322,South-Apulia,Training,1.336524e-29,1.46883e-118,5.53366e-108,1.66861e-213,7.94404e-154,0.0000401455,0.9999598545,0,9.995218e-78
323,South-Apulia,Training,2.697368e-7,7.614342e-42,7.791551e-39,9.776136e-59,1.966075e-55,0.0001364451,0.9998632852,0,2.274966e-47
324,Inland-Sardinia,Validation,1.147352e-6,7.83925e-11,7.23944e-13,0.9763273295,1.181567e-21,0.0234319397,0.0002395834,0,8.964609e-44
325,Inland-Sardinia,Training,1.1602837e-9,1.918577e-13,8.310002e-16,0.9994285387,8.847584e-26,0.0005608113,0.0000106489,0,3.573724e-35
326,Inland-Sardinia,Validation,1.463029e-10,1.563081e-12,1.451775e-12,0.9999944698,9.039415e-18,5.5171569e-6,1.2888646e-8,0,8.063062e-37
327,Inland-Sardinia,Validation,1.8470479e-9,8.7182299e-7,2.416864e-15,0.9998795391,8.462051e-21,0.0001184307,1.1565671e-6,0,4.128445e-39
328,Inland-Sardinia,Validation,2.314346e-12,1.237749e-11,1.281377e-14,0.9999979721,5.279975e-19,2.0252335e-6,2.6335835e-9,0,1.125147e-35
329,Inland-Sardinia,Validation,9.0093106e-8,0.000680826,3.833735e-16,0.9992881177,2.373292e-22,0.0000101375,0.0000208287,0,1.396479e-21
330,Inland-Sardinia,Training,3.9068935e-7,4.0638462e-8,2.316449e-14,0.9998193265,8.648644e-26,3.9069313e-6,0.0001763352,0,4.800619e-18
331,Inland-Sardinia,Training,9.1236352e-7,2.409195e-11,2.873114e-12,0.9999855978,3.634512e-19,6.8215481e-6,6.6683113e-6,0,1.960815e-19
332,Inland-Sardinia,Validation,1.9468832e-9,8.291885e-10,1.86594e-14,0.9999992692,9.839162e-19,6.6472585e-7,6.3255811e-8,0,1.250999e-20
333,Inland-Sardinia,Training,2.638517e-8,0.0000027798,1.559718e-15,0.9999923134,8.562794e-22,2.0921882e-6,2.7882136e-6,0,5.349848e-20
334,Inland-Sardinia,Training,1.8243463e-9,1.9272347e-8,7.399566e-16,0.9999990032,8.624406e-20,8.5461311e-7,1.2112673e-7,0,1.939917e-23
335,Coastal-Sardinia,Training,1.367285e-12,0.9999995421,5.955993e-28,7.651001e-20,5.230473e-35,4.080245e-9,4.538277e-7,0,5.141359e-24
336,Coastal-Sardinia,Validation,5.88686e-13,0.9999990086,1.121386e-30,3.612133e-25,1.213755e-38,1.1003831e-8,9.8036865e-7,0,2.075931e-32
337,Coastal-Sardinia,Validation,1.633145e-13,0.9999989722,1.808207e-31,6.252396e-25,1.007011e-39,3.8476909e-9,1.0239784e-6,0,7.754662e-29
338,Coastal-Sardinia,Validation,8.022058e-13,0.9999927308,5.418976e-28,5.419319e-18,2.660394e-38,2.5173796e-7,7.0174148e-6,0,1.278606e-32
339,Coastal-Sardinia,Training,8.364952e-13,0.999990584,1.780453e-34,9.252174e-38,9.780572e-40,3.9758036e-7,9.0183807e-6,0,9.598387e-36
340,Coastal-Sardinia,Training,6.751158e-11,0.9997588414,8.181421e-32,7.106121e-32,8.182608e-41,1.4587752e-7,0.0002410126,0,7.522854e-29
341,Inland-Sardinia,Validation,4.2464365e-8,2.0208493e-9,2.04824e-13,0.999997023,5.214082e-18,2.6778734e-6,2.5468134e-7,0,8.505457e-21
342,Inland-Sardinia,Training,2.7249089e-8,1.193037e-12,2.506574e-13,0.9999819245,2.622314e-18,0.0000174784,5.6989394e-7,0,1.334729e-23
343,Inland-Sardinia,Training,1.877126e-10,1.6710371e-9,1.693296e-14,0.9999994242,4.571047e-19,5.5013497e-7,2.3826535e-8,0,2.857907e-23
344,Inland-Sardinia,Training,0.0001013095,5.900284e-12,3.903375e-10,0.995039804,1.093773e-14,0.0048097508,0.0000491353,0,1.006741e-30
345,Inland-Sardinia,Validation,0.0000722377,2.815364e-10,2.572499e-13,0.9992646782,1.996672e-18,0.000569759,0.0000933248,0,1.191427e-25
346,Inland-Sardinia,Training,8.9556387e-8,2.534732e-11,1.359532e-12,0.9999927129,4.43281e-16,6.8394048e-6,3.5810378e-7,0,2.255711e-21
347,Inland-Sardinia,Validation,1.828119e-10,8.290852e-12,4.319617e-12,0.9999937278,4.128588e-15,6.269196e-6,2.829524e-9,0,2.567279e-33
348,Inland-Sardinia,Training,1.7036838e-8,1.9495964e-8,1.601237e-14,0.9999976158,8.628848e-21,1.4101988e-6,9.3745702e-7,0,7.490025e-19
349,Inland-Sardinia,Validation,7.2430058e-7,3.635875e-13,1.3621387e-9,0.9994551004,1.744269e-12,0.0005438782,2.9577641e-7,0,5.017528e-29
350,Inland-Sardinia,Training,1.2327734e-7,6.213028e-12,1.468905e-13,0.999977052,1.646798e-17,0.0000224387,3.8608136e-7,0,6.924318e-26
351,Inland-Sardinia,Training,2.982645e-11,4.998951e-10,1.60937e-13,0.9999935268,1.023049e-18,6.4592312e-6,1.347894e-8,0,6.839657e-32
352,Inland-Sardinia,Validation,3.3051344e-7,3.8258161e-8,2.931511e-13,0.9999932927,7.673695e-20,8.7819331e-7,5.4603572e-6,0,3.704288e-20
353,Inland-Sardinia,Training,1.2664573e-7,1.4353161e-8,1.548625e-14,0.9999767798,1.643458e-18,0.0000213274,1.7517164e-6,0,1.036417e-27
354,Inland-Sardinia,Validation,1.2976766e-7,7.165714e-14,3.788162e-12,0.999699466,3.470782e-15,0.0003000885,3.1569484e-7,0,3.684116e-30
355,Inland-Sardinia,Training,5.8405793e-6,2.64024e-11,3.382608e-12,0.9994160776,4.283305e-15,0.0005743643,3.7175366e-6,0,7.910379e-27
356,Inland-Sardinia,Training,1.1352217e-8,6.669671e-8,4.094566e-16,0.999996677,3.677663e-23,7.4782675e-7,2.4970942e-6,0,6.054842e-20
357,Inland-Sardinia,Validation,1.147861e-8,5.518238e-10,4.083769e-15,0.9999948857,3.221963e-19,4.9216296e-6,1.8067572e-7,0,1.871633e-27
358,Inland-Sardinia,Training,3.538158e-10,8.338597e-10,2.475406e-13,0.99999992,2.275263e-19,1.2238242e-8,6.6596275e-8,0,6.470754e-14
359,Inland-Sardinia,Validation,1.5134762e-9,1.255924e-10,5.927311e-15,0.9999938772,2.347925e-19,6.0663512e-6,5.484609e-8,0,6.818908e-30
360,Inland-Sardinia,Training,4.8932678e-9,3.894749e-11,5.275341e-14,0.9999908553,1.235998e-19,8.7400183e-6,3.9974983e-7,0,5.408487e-22
361,Inland-Sardinia,Training,2.0310517e-8,3.084112e-12,2.599216e-12,0.9999877425,2.051949e-15,0.0000121612,7.5906361e-8,0,3.611424e-24
362,Inland-Sardinia,Validation,3.916882e-7,9.4758629e-9,2.394532e-13,0.9999936987,7.039539e-19,4.0832155e-6,1.8169625e-6,0,9.259727e-22
363,Inland-Sardinia,Training,2.2057902e-9,2.524108e-11,1.077407e-12,0.9999342583,1.793967e-16,0.0000656831,5.6297045e-8,0,9.793038e-29
364,Inland-Sardinia,Training,1.2298862e-9,1.968651e-10,2.050576e-14,0.9999961562,4.21224e-18,3.8162057e-6,2.6178332e-8,0,1.202338e-31
365,Inland-Sardinia,Training,4.2076711e-7,6.0909627e-7,5.517946e-12,0.9999883931,1.942814e-17,8.8720958e-6,1.704904e-6,0,8.246493e-23
366,Inland-Sardinia,Validation,9.1158271e-9,1.830383e-13,2.5815e-13,0.9998845177,1.522781e-16,0.0001153272,1.4602516e-7,0,6.607578e-31
367,Inland-Sardinia,Training,1.4331148e-8,3.994833e-11,5.390574e-14,0.9999751016,1.300202e-19,0.0000245323,3.5178172e-7,0,2.697705e-28
368,Inland-Sardinia,Training,1.244441e-10,1.116375e-10,6.338789e-15,0.9999989478,2.08426e-19,1.0254978e-6,2.6477958e-8,0,3.112213e-27
369,Inland-Sardinia,Validation,6.9262802e-7,1.624225e-11,3.324867e-12,0.9996360566,8.440257e-17,0.0003603054,2.9453211e-6,0,1.456395e-33
370,Inland-Sardinia,Training,9.0327963e-6,1.394074e-13,1.0581e-12,0.9995291745,3.881485e-18,0.0004424604,0.0000193323,0,1.960383e-24
371,Coastal-Sardinia,Validation,1.673374e-14,0.9999994978,2.204982e-35,1.349059e-43,2.066513e-42,6.4714347e-8,4.3747137e-7,0,1.403602e-37
372,Coastal-Sardinia,Training,5.9472289e-9,0.9998120683,3.727431e-24,1.704163e-14,4.698322e-34,7.2291302e-7,0.0001872029,0,3.428278e-22
373,Coastal-Sardinia,Training,1.942464e-16,0.9998158723,2.20777e-41,1.247543e-60,1.06659e-50,2.4578504e-6,0.0001816698,0,9.709939e-47
374,Coastal-Sardinia,Training,5.310577e-14,0.9999996766,1.168842e-32,1.032825e-29,7.110973e-39,1.8495263e-8,3.0487676e-7,0,3.676972e-36
375,Coastal-Sardinia,Training,8.862262e-13,0.9999981863,1.614975e-26,8.171334e-17,4.130505e-35,8.686288e-10,1.8127895e-6,0,5.30974e-20
376,Coastal-Sardinia,Training,2.072961e-15,0.9999999352,4.546029e-32,3.703629e-29,5.289758e-39,2.8356161e-8,3.6404503e-8,0,1.180334e-40
377,Coastal-Sardinia,Training,2.485894e-11,0.9999980887,6.969344e-25,3.650186e-14,7.68566e-31,1.0985947e-6,8.1264065e-7,0,8.617602e-29
378,Coastal-Sardinia,Training,4.148132e-12,0.999999363,7.432599e-27,9.546909e-16,1.287698e-31,1.3722554e-7,4.9981177e-7,0,9.81912e-30
379,Coastal-Sardinia,Validation,2.737981e-11,0.9999822827,5.456424e-32,8.805801e-32,2.180864e-39,3.1199086e-7,0.0000174052,0,1.104039e-30
380,Coastal-Sardinia,Training,1.490534e-12,0.9999994026,1.494438e-28,7.925904e-19,2.331426e-34,2.3598332e-8,5.7383027e-7,0,3.503508e-28
381,Coastal-Sardinia,Validation,6.533755e-12,0.9999924946,2.583353e-27,4.970543e-16,6.679825e-33,8.5754992e-7,6.6478706e-6,0,1.095553e-23
382,Coastal-Sardinia,Training,3.9259808e-9,0.9982860789,1.814526e-25,5.089757e-13,2.454801e-35,0.0000640749,0.0016498423,0,1.049503e-23
383,Coastal-Sardinia,Training,2.31099e-13,0.9999998541,4.034712e-31,1.634733e-26,3.040883e-37,1.6302184e-8,1.2962012e-7,0,8.260374e-31
384,Coastal-Sardinia,Training,7.049683e-12,0.9999990808,1.604508e-28,6.616637e-21,4.149012e-35,7.1584619e-8,8.476494e-7,0,5.456416e-29
385,Coastal-Sardinia,Training,8.619749e-11,0.9999912131,2.076799e-28,3.181667e-23,4.012631e-36,1.3358496e-6,7.4509488e-6,0,9.833931e-34
386,Inland-Sardinia,Validation,4.06072e-11,3.510482e-11,1.489365e-14,0.9999853166,1.161526e-16,0.000014675,8.3448213e-9,0,1.604281e-29
387,Inland-Sardinia,Training,7.809598e-10,1.109845e-11,2.324421e-13,0.9999917418,8.050135e-16,8.189914e-6,6.7455518e-8,0,9.50298e-19
388,Inland-Sardinia,Validation,4.747315e-10,4.752829e-12,1.269377e-12,0.9999918989,1.28056e-15,8.0893176e-6,1.131901e-8,0,2.749897e-27
389,Inland-Sardinia,Training,1.234097e-9,1.166759e-8,7.646666e-16,0.9999990058,8.548541e-20,9.0918441e-7,7.2089312e-8,0,1.5422e-25
390,Inland-Sardinia,Validation,0.0007342253,0.0000250765,5.381906e-10,0.3577999654,4.294946e-13,0.5972418643,0.044198853,0,1.494243e-8
391,Inland-Sardinia,Training,5.356151e-11,1.6998357e-6,4.047911e-16,0.999996291,2.648748e-22,9.3371899e-8,1.915711e-6,0,7.504835e-13
392,Inland-Sardinia,Training,4.2783641e-9,3.0647798e-6,1.581802e-16,0.9998800313,4.855246e-27,1.6210596e-7,0.0001167375,0,1.332439e-12
393,Inland-Sardinia,Training,1.082811e-11,1.5117806e-8,1.25892e-15,0.9999991886,6.282328e-19,7.5253972e-7,4.3720093e-8,0,2.575702e-20
394,Inland-Sardinia,Validation,6.1891666e-8,0.5110943316,2.684095e-18,0.4860811959,2.944739e-23,0.0014848667,0.0013395439,0,3.96879e-22
395,Inland-Sardinia,Validation,7.029989e-11,1.484296e-6,1.178927e-16,0.9999849999,2.947417e-20,0.0000134123,1.0346086e-7,0,5.089224e-35
396,Inland-Sardinia,Validation,2.260165e-12,2.741948e-8,3.568654e-17,0.999998792,2.119254e-22,1.1224467e-6,5.8160294e-8,0,1.463806e-29
397,Inland-Sardinia,Validation,9.706221e-10,1.696386e-8,8.976487e-15,0.9999997151,4.782353e-20,1.4177786e-7,1.2519009e-7,0,6.180231e-23
398,Inland-Sardinia,Training,7.208225e-7,1.593489e-14,7.521845e-10,0.9977216964,4.243387e-13,0.0022765866,9.9540698e-7,0,1.773156e-32
399,Inland-Sardinia,Validation,1.420164e-10,1.2072524e-6,3.80376e-16,0.999998032,2.947512e-21,6.62164e-7,9.8443197e-8,0,2.911369e-24
400,Inland-Sardinia,Validation,4.3236532e-9,1.2240038e-8,1.133762e-13,0.9999996475,1.421046e-17,2.8611412e-7,4.9787474e-8,0,2.113593e-21
401,Inland-Sardinia,Training,2.262017e-12,2.3410549e-9,7.051693e-16,0.999975162,2.875425e-25,0.0000244867,3.4892859e-7,0,5.196403e-45
402,Inland-Sardinia,Validation,4.507324e-10,5.102327e-10,1.388698e-12,0.9999995324,1.552892e-16,4.5514345e-7,1.1450472e-8,0,5.665745e-22
403,Inland-Sardinia,Training,1.738119e-10,3.2544335e-7,1.698729e-16,0.9999975516,6.775893e-22,1.6783431e-6,4.4447009e-7,0,1.224907e-20
404,Inland-Sardinia,Training,5.474099e-10,4.7077533e-8,1.023118e-15,0.9999911291,1.595493e-19,8.71151e-6,1.1173545e-7,0,5.441745e-34
405,Inland-Sardinia,Training,2.766364e-10,1.1550393e-7,1.616097e-15,0.9999993227,5.935118e-23,1.2918253e-7,4.323418e-7,0,2.53559e-18
406,Inland-Sardinia,Validation,2.787984e-10,6.1252164e-8,7.845152e-15,0.9999998475,8.062462e-19,6.3921309e-8,2.7086134e-8,0,4.235866e-19
407,Inland-Sardinia,Training,1.5651674e-9,0.0000385327,2.631849e-17,0.9999570462,3.696967e-22,2.3233258e-6,2.0961862e-6,0,1.691148e-24
408,Inland-Sardinia,Validation,3.916559e-11,3.96942e-7,6.028925e-17,0.9999971074,8.335848e-24,2.3331637e-6,1.6241096e-7,0,1.729331e-32
409,Inland-Sardinia,Training,8.691127e-13,4.2592143e-9,7.530125e-15,0.9999998717,9.017209e-21,1.2208334e-7,1.9728277e-9,0,1.332524e-36
410,Coastal-Sardinia,Training,3.733146e-10,0.9998766292,1.724645e-25,1.863315e-12,1.839474e-30,4.4899497e-6,0.0001188804,0,6.639848e-23
411,Coastal-Sardinia,Training,1.2709115e-9,0.9984851937,1.855578e-27,3.048791e-19,1.262336e-34,0.0001750818,0.0013397232,0,5.460484e-39
412,Coastal-Sardinia,Training,3.1717559e-9,0.997093869,1.814656e-22,6.5382858e-7,2.901091e-25,0.0022967161,0.0006087579,0,7.661627e-24
413,Coastal-Sardinia,Validation,4.4483e-15,0.9999999109,1.386997e-33,6.38875e-30,7.037108e-39,1.0342657e-8,7.8788957e-8,0,1.279108e-33
414,Coastal-Sardinia,Training,5.59826e-14,0.9999986997,2.519262e-33,6.918095e-28,1.313969e-41,3.6411232e-8,1.2638904e-6,0,9.115903e-37
415,Coastal-Sardinia,Training,1.551524e-14,0.9999997519,9.857815e-35,1.272584e-34,5.3827e-41,5.7168425e-9,2.4237865e-7,0,4.848589e-31
416,Coastal-Sardinia,Validation,4.053789e-12,0.9999991615,6.644921e-27,1.65939e-18,1.885795e-33,4.4956143e-7,3.8892608e-7,0,2.672629e-30
417,Coastal-Sardinia,Training,5.48883e-14,0.9999990299,6.297357e-34,8.710635e-30,3.538221e-40,3.3552213e-8,9.3656659e-7,0,4.049127e-32
418,Coastal-Sardinia,Training,2.151923e-12,0.9999992431,3.64594e-24,5.300341e-12,5.959489e-30,2.5989624e-8,7.3087721e-7,0,7.314444e-20
419,Coastal-Sardinia,Training,2.832849e-15,0.9999999237,1.298265e-32,4.20002e-27,6.252148e-39,2.011357e-9,7.431122e-8,0,5.514706e-32
420,Coastal-Sardinia,Validation,9.865864e-15,0.999999636,5.112165e-34,1.73394e-35,2.928191e-40,1.7929618e-8,3.4606827e-7,0,9.207215e-39
421,Coastal-Sardinia,Training,2.919473e-13,0.9999968152,3.835264e-34,9.24955e-33,1.556252e-41,3.4992151e-8,3.1498265e-6,0,2.459841e-33
422,Umbria,Training,4.780291e-17,1.78197e-88,5.4398852e-7,8.11791e-119,1.1891846e-8,1.472804e-10,1.623407e-20,0.999999444,9.132453e-16
423,Umbria,Training,7.508921e-16,2.274971e-88,7.6870896e-7,3.73868e-119,1.7198294e-7,5.079823e-9,4.490521e-20,0.9999990542,3.298819e-19
424,Umbria,Training,8.441029e-17,4.553323e-90,2.0028362e-7,2.46252e-119,7.6845381e-8,1.1503751e-9,5.282221e-21,0.9999997217,1.068456e-18
425,Umbria,Training,3.904843e-22,1.009147e-95,1.4401409e-7,1.21366e-122,8.024694e-12,2.958482e-13,6.731742e-23,0.999999856,4.381954e-16
426,Umbria,Training,1.344528e-17,1.283992e-90,2.8188717e-7,3.38957e-120,3.04803e-8,2.364725e-10,2.197716e-21,0.9999996874,2.020742e-17
427,Umbria,Training,2.805091e-12,1.284413e-86,0.0000546456,1.22021e-109,0.000351084,7.5313725e-6,2.171738e-18,0.9995867391,1.455568e-23
428,Umbria,Validation,3.138876e-16,3.806815e-88,2.4233035e-6,4.7198e-120,1.5397448e-7,5.8174518e-9,2.139156e-19,0.9999974169,4.093031e-16
429,Umbria,Training,1.728905e-14,3.141843e-89,2.4969888e-6,3.29305e-121,0.0000173368,7.2978225e-6,1.833178e-18,0.9999728684,3.631452e-22
430,Umbria,Validation,1.223329e-13,2.54373e-87,0.0000104465,5.2387e-111,0.0000243899,4.853235e-7,3.962434e-19,0.9999646783,1.860225e-21
431,Umbria,Training,5.018902e-16,1.698397e-88,1.0831479e-6,1.18608e-119,2.0319957e-6,3.3680755e-8,5.155815e-20,0.9999968512,3.889514e-21
432,Umbria,Training,2.363905e-16,2.308054e-90,1.4824982e-7,1.11096e-119,2.1430576e-7,5.5637912e-9,7.859269e-21,0.9999996319,2.05721e-20
433,Umbria,Training,3.244061e-16,5.4525e-89,2.43688e-7,1.75526e-119,1.6885777e-7,5.6706995e-9,2.470345e-20,0.9999995818,2.508418e-19
434,Umbria,Validation,5.786507e-16,7.096375e-90,2.4792226e-7,2.56833e-119,6.4795814e-7,1.3203061e-8,1.127451e-20,0.9999990909,2.828028e-21
435,Umbria,Training,5.834581e-19,9.810426e-90,1.3552304e-6,3.4365e-120,4.61995e-9,4.712693e-12,1.330759e-21,0.9999986401,2.396914e-13
436,Umbria,Training,3.00075e-17,9.530908e-93,1.1676341e-7,2.84117e-120,3.243645e-8,9.430031e-10,2.018419e-21,0.9999998499,2.744882e-20
437,Umbria,Training,1.242255e-17,2.049922e-93,5.0683455e-7,1.54759e-119,1.6955767e-8,3.11529e-10,1.712354e-21,0.9999994759,3.457448e-20
438,Umbria,Training,2.285977e-17,6.628124e-91,2.1906672e-7,1.44343e-119,4.546984e-8,4.95534e-10,2.332812e-21,0.999999735,2.440251e-18
439,Umbria,Training,1.457203e-18,6.034212e-93,3.1465881e-7,6.93874e-120,4.8457048e-9,6.908759e-11,7.663613e-22,0.9999996804,2.339973e-18
440,Umbria,Training,1.421034e-16,1.698566e-91,2.9719389e-7,3.74808e-118,1.3027088e-7,2.6706415e-9,4.866066e-21,0.9999995699,1.536044e-20
441,Umbria,Training,4.982399e-18,1.368982e-92,3.6061126e-7,2.25249e-119,1.0868079e-8,1.625129e-10,1.273141e-21,0.9999996284,1.005128e-18
442,Umbria,Training,6.850206e-16,5.769863e-91,6.1208785e-7,8.82036e-118,7.6858852e-7,1.0544685e-8,7.627566e-21,0.9999986088,2.617254e-21
443,Umbria,Training,1.830782e-18,2.926875e-90,3.7781754e-7,6.41391e-120,1.8402137e-9,4.99041e-11,4.785239e-21,0.9999996203,2.689703e-15
444,Umbria,Training,8.982187e-18,1.293041e-91,2.394343e-7,8.53979e-120,1.6082899e-8,2.37056e-10,1.877544e-21,0.9999997442,3.399454e-18
445,Umbria,Training,4.820425e-12,4.66668e-88,0.0000573325,4.43614e-111,0.0005478015,0.0000136526,1.888218e-18,0.9993812135,4.998232e-25
446,Umbria,Training,3.980279e-12,5.575411e-89,0.0000722843,1.84925e-111,0.0005882522,0.0000122732,1.287867e-18,0.9993271903,2.497559e-24
447,Umbria,Validation,4.991926e-19,1.244855e-90,1.8343214e-6,1.7128e-121,4.1834973e-9,3.053005e-11,3.029534e-21,0.9999981615,1.878887e-14
448,Umbria,Training,5.710913e-17,7.727564e-93,1.6157033e-7,6.7961e-123,6.5716566e-8,4.6946735e-9,8.560216e-21,0.999999768,3.711829e-20
449,Umbria,Training,3.27537e-16,2.058851e-88,1.22478e-6,6.01989e-120,1.001686e-7,7.7846644e-9,1.586033e-19,0.9999986673,9.220504e-17
450,Umbria,Validation,1.334124e-17,6.888484e-90,1.5549211e-6,7.73998e-123,1.5542067e-8,1.854706e-10,1.600759e-20,0.9999984294,8.906996e-15
451,Umbria,Training,1.334124e-17,6.888484e-90,1.5549211e-6,7.73998e-123,1.5542067e-8,1.854706e-10,1.600759e-20,0.9999984294,8.906996e-15
452,Umbria,Validation,3.27436e-13,2.968501e-86,0.0000984272,7.88361e-109,8.631742e-6,2.8635903e-7,2.670499e-18,0.9998926547,5.854881e-21
453,Umbria,Training,5.251521e-16,7.52481e-87,2.061959e-6,3.26159e-117,4.8677773e-7,4.5633629e-9,6.275732e-20,0.9999974467,1.100352e-18
454,Umbria,Training,9.291181e-16,3.623108e-88,0.0000204512,1.00371e-121,1.1630595e-6,3.3476325e-8,1.00858e-18,0.9999783523,5.849731e-16
455,Umbria,Validation,3.469781e-18,2.020816e-91,4.2993486e-7,6.20736e-119,9.833666e-9,1.000303e-10,1.519532e-21,0.9999995601,2.229165e-17
456,Umbria,Training,5.125354e-21,1.477929e-92,6.3694777e-6,1.323e-123,1.347378e-10,7.16855e-12,7.016373e-21,0.9999936303,3.206185e-11
457,Umbria,Validation,9.137553e-21,1.3749e-92,4.0685804e-7,7.40691e-123,8.632887e-11,1.584697e-12,5.732997e-22,0.9999995931,1.548076e-13
458,Umbria,Training,7.719987e-18,1.11118e-96,4.8666198e-7,9.70358e-122,2.3838531e-8,3.267051e-10,4.534193e-22,0.9999994892,2.692444e-22
459,Umbria,Training,2.001033e-21,7.72981e-118,2.2071789e-9,3.44342e-143,1.194968e-11,3.876618e-10,4.516334e-25,0.9999999974,4.235553e-28
460,Umbria,Validation,4.3057646e-8,7.11756e-106,0.4472993991,1.25394e-135,0.5356043038,0.0170959487,1.799045e-17,3.052864e-7,1.14294e-36
461,Umbria,Training,1.564123e-14,5.068935e-93,3.6335161e-7,3.11246e-120,0.0000871651,0.0000152091,1.406025e-19,0.9998972625,1.300365e-25
462,Umbria,Training,2.360958e-20,3.42822e-109,0.0000216274,6.77953e-127,2.3983321e-9,3.223914e-11,5.55697e-24,0.9999783702,1.927497e-27
463,Umbria,Training,4.631184e-21,5.23997e-115,4.8220011e-8,3.03196e-141,1.971221e-10,5.835082e-11,9.505793e-25,0.9999999515,1.41882e-27
464,Umbria,Validation,1.406728e-15,3.38337e-100,3.1729257e-8,1.31302e-124,1.8232263e-6,2.4644542e-7,2.013623e-21,0.9999978986,9.128233e-30
465,Umbria,Training,1.333201e-20,7.26456e-115,2.2399252e-8,2.03516e-140,8.360967e-11,1.5883468e-9,2.386369e-24,0.9999999759,4.058241e-26
466,Umbria,Validation,1.2249459e-7,6.493636e-99,0.7459158539,1.30881e-128,0.2132787317,0.0404856058,6.360223e-16,0.0003196861,2.227305e-30
467,Umbria,Validation,1.724768e-14,7.052048e-96,6.156885e-7,5.28124e-122,0.0000233821,4.2392979e-6,1.24706e-19,0.9999717629,9.011902e-27
468,Umbria,Training,3.5600155e-8,2.765805e-95,0.604869411,1.31357e-127,0.2692359061,0.0590885655,1.346821e-15,0.0668060819,6.732267e-27
469,Umbria,Training,1.273419e-22,1.19972e-93,1.4157287e-6,4.59063e-123,2.220269e-11,3.289556e-14,2.745223e-23,0.9999985842,9.618977e-12
470,Umbria,Training,7.52183e-19,1.131137e-90,1.3735578e-6,2.93356e-119,2.1889223e-8,2.533737e-11,4.752717e-22,0.9999986045,2.018319e-14
471,Umbria,Validation,3.850206e-22,7.6509e-105,0.0001291186,3.44535e-124,2.551349e-10,3.038898e-13,6.367078e-24,0.9998708811,2.495185e-24
472,Umbria,Training,5.894987e-17,1.222621e-96,9.5961045e-8,2.53008e-122,4.0232021e-7,1.6139556e-8,3.583364e-22,0.9999994856,1.839762e-23
473,East-Liguria,Training,1.7215012e-6,2.33168e-88,0.9997338039,1.090821e-73,0.0002527878,0.0000116868,2.321156e-17,3.4763e-104,1.287194e-67
474,East-Liguria,Training,0.0001353117,6.315369e-55,0.9820526708,2.983396e-55,0.0101318581,0.0076801594,2.306945e-11,8.255547e-48,1.078526e-26
475,East-Liguria,Training,6.9099044e-7,6.352159e-46,0.9977586288,3.993674e-46,0.0007963526,0.0014443276,1.19739e-11,3.371029e-60,6.221806e-25
476,East-Liguria,Training,7.5175987e-7,7.967967e-56,0.7792490712,1.540174e-56,0.2141575406,0.0065926364,3.033013e-13,3.541762e-42,3.490425e-31
477,East-Liguria,Training,1.5251263e-7,2.626128e-47,0.9948275529,7.413111e-47,0.0044497994,0.0007224952,8.989993e-13,3.163215e-67,3.988228e-31
478,East-Liguria,Training,7.5330959e-8,2.759382e-62,0.9967897398,3.812804e-70,0.0031909799,0.0000192048,9.383445e-13,2.502445e-27,1.010515e-10
479,East-Liguria,Validation,6.179654e-23,1.182884e-98,0.0002395939,1.17278e-132,2.701872e-11,7.966386e-16,3.234005e-23,0.9997555748,4.8312086e-6
480,East-Liguria,Training,0.0024199843,4.151074e-44,0.99517606,4.559471e-42,0.0002356204,0.002168331,4.2943742e-9,1.901175e-85,2.988917e-17
481,East-Liguria,Training,0.000014241,2.799709e-45,0.991219668,7.446064e-33,0.0000159944,0.0087500965,6.721444e-11,2.03274e-124,1.778348e-47
482,East-Liguria,Training,0.0002742556,9.035558e-44,0.9294137821,4.601567e-37,0.0042321329,0.0660798292,2.31548e-10,4.35475e-107,5.792294e-36
483,East-Liguria,Training,5.7951157e-6,6.817243e-60,0.9995886267,3.714978e-42,0.0000754166,0.0003301616,1.02414e-12,1.82836e-109,2.420237e-56
484,East-Liguria,Validation,0.0004943318,4.443993e-43,0.5990937858,5.093986e-27,8.1349168e-7,0.4004109211,1.4783523e-7,1.60892e-126,1.414948e-45
485,East-Liguria,Training,0.0000813331,1.254772e-41,0.9661130587,7.413929e-33,0.0001741163,0.0336314893,2.5638575e-9,5.270748e-95,6.107725e-35
486,East-Liguria,Training,1.3366214e-6,1.119849e-40,0.9982206187,7.336421e-37,5.3404841e-6,0.0017727039,2.934408e-10,1.919428e-81,1.039262e-29
487,East-Liguria,Training,7.2443494e-8,6.432521e-48,0.9999650224,7.3977e-52,9.2166322e-6,0.0000256885,4.700618e-12,7.273633e-53,3.400752e-16
488,East-Liguria,Training,1.5459076e-9,1.327475e-64,0.9975144585,3.973476e-66,0.0003975856,0.0020879543,5.674952e-16,1.72933e-47,1.813387e-47
489,East-Liguria,Training,3.0752888e-9,1.463371e-61,0.9360511213,4.591731e-68,0.0019480929,0.0620007827,7.062246e-14,1.755002e-38,1.97927e-34
490,East-Liguria,Training,4.2950411e-6,1.097136e-64,0.9953793818,3.272869e-53,0.004208548,0.0004077751,2.83781e-14,6.148714e-61,1.13761e-44
491,East-Liguria,Training,7.1440389e-7,2.53505e-57,0.9985166217,1.294837e-66,0.0000344134,0.0014482505,1.046733e-12,3.928577e-36,1.287971e-25
492,East-Liguria,Training,5.7799175e-9,3.64452e-65,0.9236128764,7.297312e-80,0.0757624879,0.00062463,1.896657e-14,1.091983e-13,9.746925e-22
493,East-Liguria,Training,1.100819e-18,5.350878e-78,0.9938494797,1.043292e-95,6.135503e-10,4.119527e-15,2.580756e-19,2.5615758e-9,0.0061505171
494,East-Liguria,Training,3.689575e-10,5.457032e-64,0.9967964239,4.001627e-79,0.0032005031,3.0726318e-6,3.306835e-15,3.443157e-15,2.569959e-18
495,East-Liguria,Training,1.623853e-17,8.806989e-81,0.9954385347,4.04207e-107,1.5261505e-9,2.663943e-12,2.525357e-18,8.5899199e-6,0.0045528739
496,East-Liguria,Training,7.1170388e-8,1.587836e-60,0.9996482708,8.75115e-73,0.0001991585,0.0001524996,2.16599e-13,1.316029e-27,2.451695e-13
497,East-Liguria,Validation,5.6981399e-8,9.99191e-60,0.9909563846,2.157284e-70,0.0083986463,0.0006449121,2.813797e-14,2.551509e-30,2.679596e-26
498,East-Liguria,Training,0.0001683776,3.187743e-52,0.9826623939,1.57e-52,0.0001369738,0.0170322546,9.199319e-11,5.94377e-52,1.387614e-25
499,East-Liguria,Training,0.0000147208,9.144601e-52,0.9988505441,1.271166e-54,0.0001049158,0.0010298193,4.149571e-11,2.444142e-53,3.371451e-26
500,East-Liguria,Training,3.4264689e-7,5.715994e-45,0.9999757084,9.423138e-46,6.559571e-9,0.0000239424,6.866162e-11,1.531694e-74,1.851628e-26
501,East-Liguria,Validation,1.2259255e-7,2.555724e-50,0.9999875397,2.401345e-54,4.0561112e-6,8.2815625e-6,1.087728e-11,1.094769e-41,5.84189e-17
502,East-Liguria,Training,1.331455e-10,3.932582e-56,0.9999795417,7.883691e-62,1.5953521e-8,3.638898e-11,6.660526e-15,7.90911e-57,0.0000204422
503,East-Liguria,Validation,4.780809e-11,5.737696e-53,0.0589818447,7.1513e-46,3.135858e-17,3.463305e-14,5.550842e-10,1.47298e-223,0.9410181547
504,East-Liguria,Validation,1.3875074e-7,2.227962e-50,0.9964751222,1.830698e-46,6.267625e-11,1.3472897e-9,3.1371509e-9,3.65582e-148,0.0035247345
505,East-Liguria,Validation,3.333325e-13,6.682081e-72,0.9939261015,6.994329e-90,0.0060619847,6.0835396e-9,3.095843e-17,0.0000119077,3.913533e-12
506,East-Liguria,Training,6.2385888e-7,4.861616e-65,0.9994280316,4.076895e-79,0.0003399043,0.0002314403,7.848678e-13,3.094772e-17,4.642481e-18
507,East-Liguria,Validation,1.656877e-13,4.230256e-81,0.9998972308,2.09485e-102,9.544383e-11,2.337923e-12,4.297643e-16,2.440226e-23,0.0001027691
508,East-Liguria,Training,2.004265e-23,1.25757e-101,0.8979580104,9.14795e-133,7.306868e-18,1.030656e-20,2.220087e-22,7.367849e-22,0.1020419896
509,East-Liguria,Validation,1.677361e-15,1.465349e-84,0.9999498786,3.16774e-112,3.7753543e-9,7.084316e-13,7.799554e-19,1.48664e-12,0.0000501176
510,East-Liguria,Validation,2.2959191e-7,1.865699e-64,0.9986836043,1.977878e-77,1.9637276e-7,0.0013159697,1.478146e-12,1.289239e-30,2.24563e-31
511,East-Liguria,Training,3.1854208e-6,5.208929e-62,0.9999297238,3.273996e-78,6.8683597e-7,0.0000664039,4.169762e-13,1.015487e-40,1.663979e-17
512,East-Liguria,Training,2.053797e-12,1.220031e-65,0.9999962523,4.082418e-76,7.134425e-8,1.020105e-11,1.395462e-15,3.009306e-23,3.6763526e-6
513,East-Liguria,Validation,4.743202e-11,6.849523e-78,0.9999999347,2.88315e-101,6.4281999e-8,2.955262e-10,2.871027e-16,6.775971e-19,7.182836e-10
514,East-Liguria,Training,9.884662e-10,3.499865e-80,0.9999156117,6.62063e-111,0.0000784854,5.4653563e-6,1.352526e-15,4.3650981e-7,3.574309e-15
515,East-Liguria,Training,1.1787898e-8,7.166072e-80,0.8898776826,7.73921e-106,0.1038347356,0.0062713017,5.933705e-15,0.0000162682,2.188332e-27
516,East-Liguria,Training,1.7478873e-6,1.988079e-68,0.9764849705,1.910201e-80,0.0214343857,0.0020788959,6.44061e-14,1.749971e-19,2.889969e-23
517,East-Liguria,Training,1.5936406e-7,1.730181e-68,0.9909686647,1.080941e-85,0.0085306209,0.0005005549,3.315982e-14,1.044025e-15,1.325125e-22
518,East-Liguria,Validation,3.871078e-10,1.581681e-64,0.9813887594,1.792974e-79,0.0186069042,4.3359762e-6,1.676498e-15,5.775947e-15,1.544768e-18
519,East-Liguria,Training,1.538749e-11,1.621226e-74,0.9999249496,6.858093e-95,0.0000689694,5.687791e-8,1.32284e-15,6.014336e-6,9.737709e-9
520,East-Liguria,Validation,1.2364134e-8,6.601543e-62,0.9999780719,1.34896e-73,0.0000216855,2.3024303e-7,7.791413e-14,4.632372e-28,2.427594e-11
521,East-Liguria,Training,1.463278e-18,2.207323e-75,0.9929415156,2.802127e-95,8.2010302e-7,2.096571e-12,6.686931e-19,5.522514e-13,0.0070576643
522,East-Liguria,Validation,2.490245e-40,1.02054e-158,5.0732086e-8,1.05745e-234,0.0188224522,0.0001023512,1.688738e-21,6.66247e-228,0.9810751458
523,West-Liguria,Training,7.36163e-19,7.056151e-31,4.016963e-13,6.540718e-21,1.924107e-40,5.178552e-20,8.214711e-12,0,1
524,West-Liguria,Training,8.998235e-29,1.094943e-39,1.128015e-10,3.587862e-20,2.094447e-35,8.201794e-27,7.97396e-18,2.49846e-231,0.9999999999
525,West-Liguria,Validation,1.054953e-31,5.797867e-38,2.565661e-10,1.676843e-17,3.834535e-29,3.406398e-27,4.445648e-20,1.76076e-263,0.9999999997
526,West-Liguria,Training,6.283001e-26,8.885353e-40,1.573871e-9,3.257383e-22,3.421216e-29,2.934612e-24,1.513518e-17,1.28067e-207,0.9999999984
527,West-Liguria,Training,1.887352e-23,1.324356e-35,6.674284e-16,1.059475e-35,1.430791e-29,1.510231e-17,3.073859e-19,0,1
528,West-Liguria,Training,5.6896295e-9,8.884373e-42,0.0940294655,1.017318e-35,7.964392e-17,8.0193113e-8,6.1586039e-8,3.260726e-87,0.9059703871
529,West-Liguria,Validation,3.366426e-17,3.233882e-42,4.4894765e-7,2.342701e-33,6.406508e-26,4.170959e-15,2.209649e-13,2.37413e-136,0.9999995511
530,West-Liguria,Training,7.80054e-33,3.120589e-56,1.7070503e-6,1.721084e-44,8.47418e-25,7.68422e-28,1.551153e-23,4.55124e-118,0.9999982929
531,West-Liguria,Training,5.691792e-28,1.922034e-40,2.3405784e-9,4.3359e-23,2.531125e-34,1.235881e-26,1.705742e-18,3.56489e-219,0.9999999977
532,West-Liguria,Training,3.342441e-33,4.59724e-51,5.7233514e-9,2.993174e-39,1.087443e-28,8.62713e-28,2.519314e-22,6.44714e-170,0.9999999943
533,West-Liguria,Training,3.303965e-27,1.239041e-35,7.5047627e-8,5.670639e-20,2.474619e-25,2.040674e-22,1.342615e-17,4.647e-207,0.999999925
534,West-Liguria,Validation,3.879283e-18,4.766201e-51,2.110072e-11,2.172748e-36,1.55685e-42,1.051243e-15,2.9647e-10,1.16913e-121,0.9999999997
535,West-Liguria,Validation,4.6694979e-6,1.120203e-39,5.8503586e-7,1.527669e-26,7.711614e-32,0.0000356201,0.0066542633,3.02285e-126,0.9933048621
536,West-Liguria,Training,2.127035e-30,9.298223e-54,3.5811215e-9,3.178994e-49,2.065709e-26,2.698723e-22,2.92657e-22,2.8747e-148,0.9999999964
537,West-Liguria,Validation,4.588554e-33,9.754021e-46,9.534358e-15,6.525877e-38,3.027432e-32,1.910621e-26,1.141759e-24,1.18926e-300,1
538,West-Liguria,Training,5.750667e-36,7.679913e-61,1.0773148e-8,4.05711e-50,3.625666e-24,1.992056e-27,2.869968e-24,2.16933e-140,0.9999999892
539,West-Liguria,Training,1.070976e-34,5.016873e-58,1.0877163e-7,2.493835e-46,6.921418e-24,1.203811e-27,5.10986e-24,4.45256e-133,0.9999998912
540,West-Liguria,Training,6.352721e-31,1.527778e-41,1.340743e-10,1.197207e-22,7.679857e-33,1.970962e-27,1.440107e-19,6.8347e-225,0.9999999999
541,West-Liguria,Training,4.783132e-16,1.165069e-59,0.0000559556,2.095604e-56,8.007194e-30,9.342632e-16,2.867082e-12,7.463903e-89,0.9999440444
542,West-Liguria,Validation,7.023942e-32,7.352678e-86,0.0000940297,4.68131e-102,3.817304e-22,6.124114e-26,2.802641e-28,6.679732e-36,0.9999059703
543,West-Liguria,Training,1.607723e-27,1.931151e-45,6.0915934e-9,1.345312e-34,4.113757e-25,2.705831e-24,1.101954e-21,3.33632e-195,0.9999999939
544,West-Liguria,Training,6.337489e-35,3.299686e-48,4.706856e-10,9.095754e-32,2.609668e-26,1.684903e-27,8.029315e-23,4.28906e-218,0.9999999995
545,West-Liguria,Validation,3.701435e-21,1.32515e-31,7.806682e-10,4.804476e-14,8.89098e-33,2.672607e-22,3.096906e-13,5.51882e-278,0.9999999992
546,West-Liguria,Training,2.510832e-22,2.161939e-50,5.5879756e-7,2.297493e-41,9.165312e-28,1.170949e-18,7.59259e-16,4.47122e-100,0.9999994412
547,West-Liguria,Training,1.840282e-33,3.635086e-43,2.532088e-10,1.621806e-26,1.612123e-28,1.746571e-27,3.839737e-22,1.63446e-243,0.9999999997
548,West-Liguria,Validation,2.993982e-29,2.223606e-52,2.900072e-13,1.894551e-53,3.560909e-29,9.567719e-22,2.82587e-24,7.16721e-201,1
549,West-Liguria,Training,2.322584e-24,2.277903e-56,0.0020534849,1.093577e-54,8.068095e-16,4.637584e-19,9.268916e-20,7.636775e-69,0.9979465151
550,West-Liguria,Training,1.535415e-24,8.128187e-59,0.0034360691,1.089743e-59,1.808454e-15,6.224922e-19,5.083474e-20,1.054808e-60,0.9965639309
551,West-Liguria,Training,8.799316e-29,3.568136e-53,1.049898e-12,2.277514e-54,8.704135e-29,9.913404e-22,2.992008e-24,6.8763e-189,1
552,West-Liguria,Training,1.816111e-32,4.773609e-43,3.5589501e-9,2.571061e-27,9.991409e-27,1.889731e-27,1.35621e-22,1.17679e-226,0.9999999964
553,West-Liguria,Training,5.040134e-29,2.304753e-52,4.495993e-13,7.10267e-53,5.159523e-29,1.086368e-21,3.682976e-24,5.28422e-199,1
554,West-Liguria,Validation,5.274762e-36,1.927149e-68,4.784941e-14,1.871694e-67,2.57344e-32,1.010591e-26,5.208065e-28,2.81599e-176,1
555,West-Liguria,Training,7.345105e-28,5.670648e-52,4.5171215e-6,2.435966e-41,7.36438e-22,1.304609e-24,1.197007e-21,1.9901e-125,0.9999954829
556,West-Liguria,Training,2.833912e-35,8.401907e-73,2.259356e-7,2.482764e-74,4.170776e-23,7.055273e-27,7.443984e-28,4.432824e-93,0.9999997741
557,West-Liguria,Training,4.06898e-33,8.859744e-66,3.5936488e-6,1.848239e-59,1.791051e-25,1.477731e-27,9.426677e-24,2.242101e-74,0.9999964064
558,West-Liguria,Training,1.856851e-20,9.321797e-43,0.0000616775,6.720495e-34,4.644756e-16,4.414775e-16,7.433918e-16,2.98815e-129,0.9999383225
559,West-Liguria,Training,1.880991e-33,5.217276e-64,0.0000446428,6.902613e-58,9.836745e-22,1.72083e-27,4.830759e-25,5.865165e-83,0.9999553572
560,West-Liguria,Training,1.433235e-24,2.942719e-56,0.0000240794,1.272021e-52,1.374198e-21,1.012923e-23,1.53187e-22,9.69471e-110,0.9999759206
561,West-Liguria,Training,7.124616e-27,1.731266e-58,0.0002357034,8.30894e-58,1.192588e-20,6.282007e-22,3.874322e-22,7.82676e-80,0.9997642966
562,West-Liguria,Training,1.074161e-20,9.676776e-55,0.0001550153,3.010124e-52,1.418055e-22,1.892917e-18,1.137327e-17,2.65242e-84,0.9998449847
563,West-Liguria,Training,9.762252e-28,3.614197e-66,0.047625689,4.666773e-69,1.382296e-16,1.56326e-21,6.407379e-22,3.012553e-37,0.952374311
564,West-Liguria,Validation,2.407532e-24,2.680324e-58,0.0080723999,3.57178e-53,6.892216e-19,1.034408e-23,4.484731e-21,4.077894e-76,0.9919276001
565,West-Liguria,Training,5.878666e-26,3.310922e-69,0.0388619219,5.088349e-71,2.720503e-17,1.433422e-23,2.608832e-22,2.007425e-35,0.9611380781
566,West-Liguria,Validation,1.92821e-33,9.735761e-53,7.2573685e-9,8.487579e-38,2.708894e-28,7.391894e-28,2.142042e-22,2.2426e-155,0.9999999927
567,West-Liguria,Training,2.418478e-23,1.884344e-48,0.0001146894,1.453429e-40,6.833106e-19,2.109415e-19,1.202031e-17,6.474629e-97,0.9998853106
568,West-Liguria,Training,5.203741e-15,7.747265e-49,0.0007203491,8.892861e-46,3.804827e-22,9.36014e-16,2.802431e-13,3.13211e-159,0.9992796509
569,West-Liguria,Training,2.833353e-23,2.15393e-55,0.0007216791,3.448239e-54,4.71872e-18,4.510893e-19,1.59306e-19,3.503371e-74,0.9992783209
570,West-Liguria,Training,9.273818e-34,4.311797e-51,1.8107902e-8,5.866294e-36,2.592498e-25,9.510045e-28,5.388599e-23,2.56644e-168,0.9999999819
571,West-Liguria,Validation,2.089863e-25,7.867821e-53,1.5950533e-6,2.667086e-46,2.251621e-22,3.472781e-19,2.111819e-18,6.51083e-106,0.9999984049
572,West-Liguria,Validation,3.425793e-23,2.409071e-74,0.1087408461,1.230146e-89,2.3474844e-8,5.06432e-14,1.422657e-19,1.738203e-32,0.8912591304
